feature,scores,concedes
actiontype_pass_a0,13.092573165893555,11.466400146484375
actiontype_cross_a0,0.0,0.0
actiontype_throw_in_a0,19.487062454223633,5.723623275756836
actiontype_freekick_crossed_a0,0.0,0.0
actiontype_freekick_short_a0,0.0,0.0
actiontype_corner_crossed_a0,0.0,0.0
actiontype_corner_short_a0,0.0,0.0
actiontype_take_on_a0,22.850217819213867,0.0
actiontype_foul_a0,13.477043151855469,38.73204040527344
actiontype_tackle_a0,14.865131378173828,0.0
actiontype_interception_a0,0.0,13.823596954345703
actiontype_shot_a0,31.932783126831055,0.0
actiontype_shot_penalty_a0,0.0,0.0
actiontype_shot_freekick_a0,0.0,0.0
actiontype_keeper_save_a0,0.0,14.71240234375
actiontype_keeper_claim_a0,0.0,0.0
actiontype_keeper_punch_a0,0.0,0.0
actiontype_keeper_pick_up_a0,0.0,0.0
actiontype_clearance_a0,9.781034469604492,23.490489959716797
actiontype_bad_touch_a0,0.0,0.0
actiontype_non_action_a0,0.0,0.0
actiontype_dribble_a0,31.48651123046875,0.0
actiontype_goalkick_a0,0.0,0.0
actiontype_pass_a1,0.0,9.520177841186523
actiontype_cross_a1,0.0,0.0
actiontype_throw_in_a1,14.396466255187988,0.0
actiontype_freekick_crossed_a1,0.0,0.0
actiontype_freekick_short_a1,0.0,0.0
actiontype_corner_crossed_a1,0.0,4.988434314727783
actiontype_corner_short_a1,0.0,0.0
actiontype_take_on_a1,14.835699081420898,0.0
actiontype_foul_a1,0.0,0.0
actiontype_tackle_a1,0.0,0.0
actiontype_interception_a1,0.0,0.0
actiontype_shot_a1,0.0,37.71636199951172
actiontype_shot_penalty_a1,0.0,0.0
actiontype_shot_freekick_a1,0.0,0.0
actiontype_keeper_save_a1,0.0,0.0
actiontype_keeper_claim_a1,0.0,0.0
actiontype_keeper_punch_a1,0.0,0.0
actiontype_keeper_pick_up_a1,0.0,0.0
actiontype_clearance_a1,0.0,0.0
actiontype_bad_touch_a1,0.0,0.0
actiontype_non_action_a1,0.0,0.0
actiontype_dribble_a1,13.554813385009766,0.0
actiontype_goalkick_a1,0.0,0.0
actiontype_pass_a2,0.0,0.0
actiontype_cross_a2,0.0,0.0
actiontype_throw_in_a2,0.0,0.0
actiontype_freekick_crossed_a2,0.0,0.0
actiontype_freekick_short_a2,0.0,0.0
actiontype_corner_crossed_a2,0.0,0.0
actiontype_corner_short_a2,0.0,0.0
actiontype_take_on_a2,15.288849830627441,0.0
actiontype_foul_a2,0.0,0.0
actiontype_tackle_a2,15.002214431762695,0.0
actiontype_interception_a2,0.0,0.0
actiontype_shot_a2,0.0,12.670510292053223
actiontype_shot_penalty_a2,0.0,0.0
actiontype_shot_freekick_a2,0.0,0.0
actiontype_keeper_save_a2,0.0,0.0
actiontype_keeper_claim_a2,0.0,0.0
actiontype_keeper_punch_a2,0.0,0.0
actiontype_keeper_pick_up_a2,0.0,0.0
actiontype_clearance_a2,0.0,0.0
actiontype_bad_touch_a2,0.0,0.0
actiontype_non_action_a2,0.0,0.0
actiontype_dribble_a2,4.377861022949219,0.0
actiontype_goalkick_a2,0.0,0.0
bodypart_foot_a0,39.721614837646484,0.0
bodypart_head_a0,0.0,6.717498779296875
bodypart_other_a0,0.0,6.525791168212891
bodypart_head/other_a0,0.0,0.0
bodypart_foot_a1,31.673076629638672,0.0
bodypart_head_a1,0.0,0.0
bodypart_other_a1,0.0,0.0
bodypart_head/other_a1,0.0,0.0
bodypart_foot_a2,13.071499824523926,0.0
bodypart_head_a2,0.0,0.0
bodypart_other_a2,0.0,0.0
bodypart_head/other_a2,0.0,0.0
result_fail_a0,327.0163269042969,21.388429641723633
result_success_a0,133.2780303955078,26.166269302368164
result_offside_a0,0.0,0.0
result_owngoal_a0,0.0,0.0
result_yellow_card_a0,0.0,7.908196449279785
result_red_card_a0,0.0,0.0
result_fail_a1,0.0,12.629793167114258
result_success_a1,0.0,0.0
result_offside_a1,0.0,0.0
result_owngoal_a1,0.0,0.0
result_yellow_card_a1,0.0,0.0
result_red_card_a1,0.0,0.0
result_fail_a2,3.9338855743408203,0.0
result_success_a2,6.08984375,0.0
result_offside_a2,0.0,0.0
result_owngoal_a2,0.0,0.0
result_yellow_card_a2,0.0,0.0
result_red_card_a2,0.0,0.0
goalscore_team,17.52317237854004,9.162771224975586
goalscore_opponent,32.0944709777832,6.235311508178711
goalscore_diff,25.204465866088867,10.332168579101562
start_x_a0,11.374628067016602,42.06174087524414
start_y_a0,15.252288818359375,6.4680328369140625
start_x_a1,2.129794120788574,11.298528671264648
start_y_a1,16.076810836791992,7.711578369140625
start_x_a2,14.351093292236328,4.7893571853637695
start_y_a2,11.41591739654541,8.96557903289795
end_x_a0,117.2685546875,27.335668563842773
end_y_a0,18.576187133789062,7.076144218444824
end_x_a1,17.980844497680664,25.648542404174805
end_y_a1,17.552961349487305,9.322315216064453
end_x_a2,13.593966484069824,29.682554244995117
end_y_a2,0.0,10.501216888427734
dx_a0,20.105684280395508,13.023758888244629
dy_a0,5.682908535003662,6.284496784210205
movement_a0,14.681708335876465,9.536900520324707
dx_a1,14.309556007385254,6.190509796142578
dy_a1,5.127866268157959,7.4942145347595215
movement_a1,6.6613287925720215,4.786362648010254
dx_a2,10.26503849029541,7.937504291534424
dy_a2,9.647584915161133,8.976258277893066
movement_a2,6.004800796508789,4.194818496704102
dx_a01,0.0,7.5284295082092285
dy_a01,0.0,10.229519844055176
mov_a01,0.0,11.481806755065918
dx_a02,15.286148071289062,8.508563041687012
dy_a02,5.873585224151611,8.544465065002441
mov_a02,7.744986534118652,7.525008201599121
start_dist_to_goal_a0,127.63526916503906,12.087437629699707
start_angle_to_goal_a0,12.517963409423828,42.09457015991211
start_dist_to_goal_a1,18.236604690551758,9.207398414611816
start_angle_to_goal_a1,17.255420684814453,15.089258193969727
start_dist_to_goal_a2,11.421483039855957,7.481611728668213
start_angle_to_goal_a2,19.426279067993164,9.188386917114258
end_dist_to_goal_a0,232.6025390625,24.305564880371094
end_angle_to_goal_a0,22.872331619262695,21.70948028564453
end_dist_to_goal_a1,16.555343627929688,10.248309135437012
end_angle_to_goal_a1,11.772586822509766,14.55510139465332
end_dist_to_goal_a2,9.705965995788574,19.43729591369629
end_angle_to_goal_a2,28.747751235961914,9.715450286865234
team_1,0.0,22.22406578063965
team_2,0.0,0.0
time_delta_1,11.82601261138916,10.224242210388184
time_delta_2,21.129507064819336,8.213432312011719
