name,seed_20160817,seed_7,seed_1234,mean,spread,rank_move
Gareth Bale,0.8446771231386679,0.8298564143929054,0.8569341650921167,0.84382256754123,0.027077750699211367,0
Lionel Messi,0.8073733892737599,0.81064710318436,0.7886661948379386,0.8022288957653528,0.021980908346421302,0
James Rodríguez,0.6134880520918642,0.580545333695691,0.583037917280215,0.5923571010225901,0.03294271839617324,0
Karim Benzema,0.5712305106431308,0.5470757125563783,0.5601664941275211,0.5594909057756767,0.02415479808675247,0
Imanol Agirretxe,0.512083022067321,0.5294454933444884,0.5289929212370382,0.5235071455496159,0.01736247127716739,1
Luis Suárez,0.5239926896349534,0.5316534352172962,0.5135784212700849,0.5230748487074449,0.018075013947211338,1
Antoine Griezmann,0.45002279718232535,0.45511854369640437,0.4485933260285932,0.45124488896910764,0.006525217667811167,1
Neymar,0.4429021593388844,0.44142443731456404,0.45623310465729283,0.4468532337702471,0.014808667342728787,1
Nolito,0.40818216613327213,0.4007614075899463,0.3998242565160974,0.402922610079772,0.008357909617174752,0
Éver Banega,0.3826746299654464,0.392241238899476,0.38382940709639973,0.38624842532044074,0.009566608934029608,0
Lucas Pérez,0.34843233771934023,0.3673866540421825,0.35741102545551007,0.3577433390723443,0.01895431632284228,0
Ángel Correa,0.3261170062963208,0.3627721295970599,0.3487242037343249,0.34587111320923514,0.03665512330073911,4
Lucas Vázquez,0.3368260397560035,0.3482007987001293,0.35088485011577053,0.3453038961906345,0.014058810359767027,1
Jozabed Sánchez,0.3398060316558724,0.34226643478751084,0.3339373163027663,0.3386699275820499,0.008329118484744547,3
Andrés Iniesta,0.3343336324105801,0.3408295907819775,0.3334636158214574,0.33620894633800497,0.007365974960520105,2
Carlos Castro,0.33431763659976554,0.3444908609179894,0.32923563705202097,0.3360147115232586,0.015255223865968448,2
Yevgen Konoplyanka,0.3093173179674135,0.32743582277905015,0.32147365156886093,0.3194089307717749,0.018118504811636627,2
Toni Kroos,0.31380870511979,0.3146354191958328,0.3200646735889574,0.3161695993015267,0.006255968469167428,2
Luka Modrić,0.3124707349251981,0.31821715881252544,0.3081533593207591,0.31294708435282753,0.010063799491766334,1
José Luis Morales,0.30254564421712143,0.303777153768993,0.29243726295899375,0.2995866869817027,0.011339890809999253,3
Dani Parejo,0.2951356000393948,0.28990069377420297,0.2980923823662213,0.29437622539327307,0.008191688592018354,3
Iñaki Williams,0.29958603741166456,0.2902938266497814,0.28950223180311074,0.29312736528818556,0.01008380560855382,3
Marcelo,0.28096814449941565,0.2881909756760861,0.2937268055846191,0.2876286419200403,0.01275866108520346,2
Giuseppe Rossi,0.26434852597830555,0.29024408425768816,0.2940078495001184,0.2828668199120374,0.02965932352181283,4
Ivan Rakitić,0.26466820588267903,0.2696908139505983,0.2789151217976302,0.27109138054363585,0.014246915914951197,2
Javier Mascherano,0.2603512682011487,0.2753599641141738,0.2616167999228858,0.26577601074606944,0.015008695913025116,2
Gabi,0.25944983965381374,0.25863607669901245,0.2624508179562642,0.26017891143636346,0.0038147412572517303,4
Rubén Rochina,0.2615983545694526,0.25967282921083734,0.2520693462204754,0.25778017666692177,0.009529008348977186,3
Dani Alves,0.2495383214355767,0.24616454667028567,0.2536600116890807,0.24978762659831436,0.007495465018795028,6
Cédric Bakambu,0.2504875768184548,0.2524204840409662,0.24470900467524143,0.2492056885115541,0.007711479365724749,3
Cristiano Ronaldo,0.24554114535506644,0.2602451695439416,0.2413913946268007,0.24905923650860293,0.01885377491714091,8
Chory Castro,0.23853921456568222,0.2609859157270054,0.2446075429852347,0.2480442244259741,0.02244670116132319,9
Tana,0.2461371500906341,0.24762811308029148,0.24929459739965645,0.24768662019019402,0.003157447309022343,3
Beñat Etxebarria,0.25036608011442957,0.24557213100359437,0.2415709750753475,0.24583639539779048,0.008795105039082068,5
Ander Capa,0.2463960994496268,0.2418392783256804,0.2396621341705549,0.24263250398195402,0.006733965279071885,7
Burgui,0.24048964734292716,0.23939492606297655,0.24703205950987783,0.24230554430526052,0.007637133446901284,11
Markel Susaeta,0.23741828429139858,0.2450686928786373,0.24046535211571057,0.2409841097619155,0.007650408587238727,2
Fernando Torres,0.22698332776896596,0.25835774493586433,0.23701664554641155,0.24078590608374728,0.03137441716689837,17
Jonathan Viera,0.23590216054694843,0.23977989388013551,0.24275165565131138,0.2394779033594651,0.006849495104362946,7
Juanpi,0.23559882234828133,0.242450511763812,0.2329890496478287,0.23701279458664068,0.009461462115983282,6
Fede Cartabia,0.23335425385237238,0.23248981000565191,0.23733908966820452,0.23439438450874295,0.004849279662552608,6
Mikel Oyarzabal,0.23495823967631657,0.2241758703835688,0.2411752009853702,0.2334364370150852,0.01699933060180142,16
Bruno Soriano,0.23218862185187344,0.23206502266967813,0.23068159435979121,0.23164507962711425,0.0015070274920822302,5
Danilo,0.23194947561491877,0.24044610752211387,0.22016051478629456,0.23085203264110907,0.020285592735819313,15
Fran Rico,0.22498965718159725,0.23565741409433563,0.23129353243193712,0.23064686790262331,0.010667756912738385,8
Filipe Luis,0.2295560235214533,0.23899274721762137,0.22335948231109773,0.23063608435005745,0.015633264906523642,6
Tiago,0.2258771807267335,0.24479944761201514,0.22089529118212847,0.23052397317362572,0.023904156429886664,15
Sergio Busquets,0.22871787735125673,0.22923755581863786,0.22612710939127675,0.22802751418705713,0.0031104464273611077,4
Jony,0.2250741863671499,0.2223513158159354,0.23522626987226508,0.22755059068511682,0.012874954056329685,13
Miku Fedor,0.22390031641026223,0.22300949271370024,0.23434293771019796,0.22708424894472015,0.011333444996497716,11
Michael Krohn-Dehli,0.2219347216961865,0.23507684430506554,0.22295473627076434,0.22665543409067213,0.013142122608879037,12
Adalberto Peñaranda,0.2226249430578799,0.22942335136087516,0.22413738944610737,0.22539522795495415,0.0067984083029952735,8
Koke,0.22275485519746993,0.22917505872649288,0.22281515231553073,0.2249150220798312,0.00642020352902295,5
Daniel Carvajal,0.22698927520465476,0.22610469012618276,0.22017753955328462,0.22442383496137405,0.006811735651370138,7
Pablo Sarabia,0.22785163023262156,0.22123368939122895,0.2185293235128573,0.22253821437890262,0.00932230671976425,11
Yannick Carrasco,0.21413558633241822,0.21964679317518135,0.21661700444157472,0.21679979464972476,0.005511206842763128,2
Moi Gómez,0.21292608475273783,0.2160751251394093,0.21955253443008083,0.21618458144074268,0.006626449677342994,4
Marcelo Díaz,0.20985645620412058,0.2260098261912114,0.21022799736979148,0.2153647599217078,0.016153369987090826,9
Sergio Escudero,0.2269217978212971,0.20022179467054177,0.21531162205607554,0.21415173818263813,0.026700003150755325,15
Bebé,0.22021134678297133,0.20725799688861118,0.20879281125061427,0.21208738497406557,0.012953349894360144,5
José Antonio Reyes,0.22362933107221158,0.20597521958161114,0.20411246636268235,0.21123900567216836,0.019516864709529236,10
Isco,0.2028586841723826,0.2081948088333189,0.2205896116245224,0.21054770154340796,0.017730927452139805,10
Zé Castro,0.19677062282637156,0.20238622007350449,0.2106973646425078,0.2032847358474613,0.013926741816136234,6
Théo Bongonda Mbul'Ofeko Batombo,0.2023971064486024,0.19772522130958609,0.20950811585614476,0.2032101478714444,0.011782894546558675,4
Pablo Hernández,0.19888033835769978,0.20482344769024297,0.1954139260909033,0.199705904046282,0.009409521599339665,5
Isma López,0.20316520193092624,0.18942995490266,0.20208646076550313,0.19822720586636314,0.013735247028266229,8
Roberto Trashorras,0.1931005980003006,0.19076699166201275,0.20271573434196843,0.19552777466809393,0.011948742679955687,3
João Cancelo,0.18849549193125584,0.19152005370473915,0.18582006214640348,0.1886118692607995,0.005699991558335671,5
Rubén Pardo,0.1842454934003562,0.19076272875775213,0.18931251584896017,0.18810691266902282,0.0065172353573959285,5
Asier Illarramendi,0.19147910229735018,0.18266805206347322,0.19000069551792803,0.18804928329291715,0.00881105023387696,5
Emiliano Velázquez,0.18232511091761192,0.19983517815913007,0.17577733389474776,0.18597920765716325,0.024057844264382316,20
Kévin Gameiro,0.18137386384663967,0.18098895588941608,0.19083736124901765,0.1844000603283578,0.009848405359601575,9
Dani Ceballos,0.18517043775978226,0.18104254436804118,0.18402238804109702,0.1834117900563068,0.004127893391741078,5
Takashi Inui,0.18481400442621823,0.17990416976903686,0.18518203375228862,0.18330006931584789,0.0052778639832517515,10
Mateo Kovačić,0.17543210165115866,0.18085418604330275,0.19334583280349713,0.18321070683265284,0.017913731152338463,18
David Juncà,0.19445746627060093,0.18009199365375367,0.17472064408418517,0.18309003466951326,0.01973682218641576,21
Ignacio Camacho,0.17956501083092885,0.1840805757555359,0.17988603632950315,0.18117720763865597,0.004515564924607057,9
Isaac Success,0.1771107299163027,0.182737369844525,0.18266406276334973,0.1808373875080591,0.005626639928222293,11
Damián Suárez,0.179792774101853,0.17925466031284415,0.1827834096823984,0.18061028136569848,0.003528749369554246,9
Augusto Fernández,0.17976952327803258,0.18175054148556727,0.17989480768158733,0.18047162414839577,0.001981018207534685,4
Keko,0.18728086699952193,0.17261234876468579,0.1791859993136684,0.17969307169262538,0.014668518234836142,20
Sabin Merino,0.1747494056709993,0.18818827156928394,0.1757252239050979,0.17955430038179374,0.013438865898284635,17
Víctor Casadesús,0.17982338485604446,0.17445265640404092,0.18396434111392487,0.17941346079133677,0.00951168470988395,13
Juan Manuel Vargas,0.17467860490785964,0.1820413263775312,0.1741227289696514,0.17694755341834742,0.007918597407879813,15
Alen Halilović,0.17708106239996868,0.17639460173662336,0.17719228977042797,0.17688931796900667,0.0007976880338046166,4
André Gomes,0.1790712325160503,0.16921802678945405,0.1822566374543427,0.17684863225328237,0.01303861066488865,20
Rubén Castro,0.17382774981560337,0.18046447495795614,0.17509656197486406,0.17646292891614115,0.0066367251423527784,11
Marco Asensio Willemsen,0.17473309798632936,0.17315070030399618,0.18083715660748612,0.17624031829927056,0.007686456303489936,11
Pedro Bigas,0.17109787819815403,0.18059190145127063,0.17328125316085113,0.17499034427009194,0.009494023253116601,15
Youssef El-Arabi,0.1807253042113907,0.16715118408882848,0.1760894438515726,0.17465531071726392,0.013574120122562233,23
Aymeric Laporte,0.1793869476082005,0.17817786036435418,0.16433699533203333,0.17396726776819602,0.015049952276167178,17
Willian José,0.17419640849850263,0.1742658535996247,0.17076111649553763,0.17307445953122166,0.00350473710408708,5
Fernando Tissone,0.17252276898604746,0.17965891419935892,0.1669841487335326,0.17305527730631298,0.012674765465826326,12
Gerard Piqué,0.17217424288815872,0.17077937648406727,0.17287074907440025,0.17194145614887543,0.002091372590332985,2
Mariano,0.17540079160380834,0.17046440084483877,0.16569538169097453,0.17052019137987387,0.009705409912833807,11
Steven Nzonzi,0.16560375408414316,0.17153427512247635,0.17388388978342048,0.17034063966334667,0.008280135699277325,7
Vitolo,0.16011356798076057,0.16999367620135186,0.17240672720789674,0.16750465713000307,0.012293159227136169,7
Sergio Ramos,0.15379155296888436,0.1695551474508725,0.16963004396210046,0.16432558146061912,0.015838490993216103,10
Álex Bergantiños,0.1601518494900617,0.161497569961656,0.1664430432440327,0.16269748756525013,0.006291193753970997,6
Hernán Pérez,0.1604420346991057,0.171698512923448,0.1528840883542264,0.1616748786589267,0.01881442456922161,21
Joseba Zaldúa,0.16818623307136524,0.15239705556427668,0.1634194177557028,0.16133423546378156,0.015789177507088553,17
Verza,0.15169247916638706,0.1690202130394694,0.15967516777012244,0.16012928665865964,0.01732773387308234,10
Roberto Rosales,0.1570459431139947,0.16436163448183289,0.15682421814253367,0.15941059857945375,0.007537416339299219,9
Sergi Enrich,0.1526309349649573,0.1573886787580496,0.16312004967357138,0.15771322113219277,0.010489114708614078,4
Manu Trigueros,0.15176789657976572,0.15843327133390653,0.16020243300239306,0.1568012003053551,0.008434536422627342,3
Iñigo Lekue,0.15573942091505305,0.15973100929372336,0.15376410739467533,0.1564115125344839,0.005966901899048027,8
Denis Suárez,0.15033618605680607,0.16387305938122454,0.1527270964270154,0.1556454472883487,0.01353687332441847,13
Álex Menéndez,0.15117480418171572,0.15270560104768516,0.1611345684485147,0.15500499122597186,0.009959764266798982,9
Aritz Aduriz,0.1515801852090235,0.15029409489800077,0.16095033826605706,0.1542748727910271,0.01065624336805629,15
De Marcos,0.15766170091259585,0.15074502875221849,0.1526516948141653,0.1536861414929932,0.006916672160377363,15
Joan Verdú,0.1516896397817499,0.14976584395516154,0.15706293167677893,0.15283947180456345,0.007297087721617385,11
Iker Muniain,0.15233145825716793,0.1533174512735706,0.14917456066448997,0.1516078233984095,0.0041428906090806294,14
Javi Guerra,0.14173849467617844,0.148933237377404,0.16348588185092863,0.1513858713015037,0.021747387174750193,28
Pablo Hernández,0.15082743213727792,0.14480414507128173,0.15812144432529643,0.15125100717795203,0.013317299254014703,19
Luis Alberto,0.15385551324338767,0.15059570017560925,0.1492176252131544,0.1512229462107171,0.004637888030233267,16
Gorka Iraizoz,0.14126189574449186,0.15618750425385386,0.15330395559947382,0.15025111853260653,0.014925608509362004,22
Bruma,0.14641802128544446,0.15518774947638564,0.1480707048709449,0.14989215854425833,0.008769728190941184,14
Jonny Castro,0.14588989069029215,0.15168013103223824,0.15031944050490534,0.14929648740914525,0.005790240341946085,8
Asier Riesgo,0.14409157148303176,0.15320593749752903,0.150367578174768,0.14922169571844293,0.009114366014497277,13
Pepe,0.1462936095336147,0.13957931570029472,0.16012034204815,0.14866442242735314,0.02054102634785529,27
Antonio Luna,0.14828223668042875,0.14530351450369702,0.15055763659843854,0.14804779592752146,0.00525412209474152,10
Petros,0.14903323106601937,0.1466521279631887,0.14491576400418546,0.14686704101113116,0.004117467061833913,8
Mateo Musacchio,0.1459772182809034,0.1503575280876109,0.14178465830227163,0.14603980155692864,0.008572869785339277,8
Gonzalo Escalante,0.14609179239555592,0.15128593525614215,0.14055415345127353,0.14597729370099052,0.010731781804868612,12
Adrián Marín,0.14272200789893066,0.14224478432286974,0.1503071320563022,0.14509130809270088,0.008062347733432451,11
Casemiro,0.15079109317223313,0.14162557329795816,0.14279198926326572,0.14506955191115234,0.009165519874274969,17
Iago Aspas,0.14006584343450984,0.14767530326039052,0.14671902470640094,0.1448200571337671,0.007609459825880682,8
Diego Mariño,0.13675765754577465,0.1548175536064951,0.14051122915705244,0.14402881343644072,0.01805989606072045,25
Luis Hernández,0.14542754654661308,0.14451584285559452,0.13867543484570752,0.1428729414159717,0.006752111700905561,9
Pedro López,0.13346452231304645,0.145797695933824,0.1405248638809477,0.1399290273759394,0.012333173620777543,16
Celso Borges,0.143572004879436,0.1393561676710759,0.13474807810719905,0.13922541688590365,0.00882392677223695,9
Víctor Camarasa,0.13919093116465586,0.1395765660709003,0.13879356564540926,0.1391870209603218,0.0007830004254910372,3
Pape Diop,0.13791625333409627,0.14470458667030078,0.1344179067065459,0.1390129155703143,0.010286679963754874,8
Carlos Vela,0.1353325643141344,0.13712610452781954,0.13989601828547077,0.13745156237580822,0.0045634539713363675,6
Fayçal Fajr,0.1437149565080769,0.13257072334611913,0.13204835482651073,0.13611134489356894,0.011666601681566163,15
Dimitri Foulquier,0.13518828822638718,0.13349246748809537,0.1375909416497683,0.13542389912141695,0.004098474161672916,5
José Gayá,0.13716846053794715,0.1461557720884885,0.12147693989057236,0.134933724172336,0.024678832197916153,30
Cristiano Piccini,0.12968489360594895,0.1396021287471659,0.13097704057389198,0.1334213543090023,0.009917235141216951,14
Roque Mesa,0.13301482725917746,0.13218365981293873,0.13395219735709724,0.13305022814307113,0.0017685375441585105,6
Vicente Iborra,0.1348087598744639,0.12762335726993765,0.13601184503126465,0.1328146540585554,0.008388487761327001,14
Diego Reyes,0.13412557550284712,0.13179102730837977,0.12990987371109072,0.13194215884077254,0.004215701791756399,4
Charly Musonda,0.12877365946275793,0.13103472259264207,0.13332557074283488,0.13104465093274498,0.0045519112800769534,9
Fabián Orellana,0.13379291975559995,0.1262099374902512,0.13216235483685837,0.13072173736090317,0.007582982265348759,11
Mikel Balenziaga,0.13305289745135312,0.13398435658371446,0.12477512424212553,0.13060412609239772,0.009209232341588935,12
Antonio Sanabria,0.12665313490899502,0.13087612498390802,0.12543869850649433,0.12765598613313245,0.005437426477413687,7
Juanfran,0.1311788493381276,0.12256350382081192,0.12868791620060327,0.12747675645318093,0.008615345517315673,12
Mario Gaspar,0.1299862324767297,0.12895295317791067,0.12141032672211083,0.1267831707922504,0.008575905754618862,10
Roberto Lago,0.12822300534777348,0.1248835902503689,0.12627150540044624,0.12645936699952953,0.0033394150974045828,8
David García,0.12667264749069473,0.1269421131016586,0.12481690352669339,0.12614388803968224,0.0021252095749652034,1
Pau López,0.12386354609884735,0.1279709169189106,0.12345814038056453,0.1250975344661075,0.004512776538346072,6
Nemanja Radoja,0.11839035142143137,0.12815580760074208,0.12860249832975545,0.12504955245064298,0.010212146908324088,14
Mikel San José,0.13366070424299237,0.1174017374172618,0.12019809652229047,0.12375351272751488,0.016258966825730567,20
Alberto Lora,0.12644967823636183,0.1227423844509343,0.12058957412715511,0.12326054560481708,0.005860104109206718,6
Carl Medjani,0.1161973897470576,0.12973821795129295,0.1200162210463457,0.12198394291489874,0.013540828204235356,17
Arthur Boka,0.11545428741991517,0.12608056016433578,0.12340125733064021,0.12164536830496371,0.0106262727444206,12
Alexis Ruano,0.12262175443753953,0.1258823777700591,0.11466185349182055,0.12105532856647305,0.011220524278238539,13
Paco Alcácer,0.11625990060885037,0.12151839107329493,0.12188048114065636,0.11988625760760056,0.005620580531805988,7
Abdoul Karim Yoda,0.11850834899691548,0.11410505133049063,0.12445693245136087,0.119023444259589,0.010351881120870238,16
Hernán Santana,0.11536440535025946,0.11643488120979681,0.12498352387208596,0.11892760347738074,0.009619118521826495,17
Shkodran Mustafi,0.11860916599243425,0.11781802785017144,0.11778069490446308,0.11806929624902292,0.0008284710879711693,5
Duda,0.11358887417582998,0.11904468418316838,0.11929590956107639,0.11730982264002492,0.005707035385246403,8
Recio,0.12165411497742279,0.11717942926590846,0.11161525690564258,0.11681626704965793,0.010038858071780205,15
Víctor Ruíz,0.11721462958920748,0.11475929587008432,0.11330773661155255,0.1150938873569481,0.003906892977654924,10
Juanfran,0.11584954561904771,0.11395336164568426,0.11331760191517865,0.1143735030599702,0.002531943703869069,6
Hugo Mallo,0.10866086663596775,0.11279576918613095,0.12112182975414554,0.11419282185874807,0.012460963118177792,15
Iván López,0.10753779973976323,0.11399174539486986,0.11768760922395312,0.1130723847861954,0.010149809484189892,12
Germán Pezzella,0.10890554839087888,0.11267027064918037,0.11700458924315817,0.1128601360944058,0.00809904085227929,7
Eneko Bóveda,0.12457287390417227,0.10265892258675438,0.10834718917463909,0.11185966188852192,0.021913951317417885,37
Francisco Varela,0.11031097522830552,0.11517369964416915,0.11000001058793707,0.11182822848680392,0.005173689056232084,8
Juan Carlos,0.10493690416013078,0.11641679395259762,0.11381074570134891,0.1117214812713591,0.011479889792466835,16
Quini,0.10841344538822716,0.11100708443154934,0.11091074605454777,0.11011042529144142,0.002593639043322188,1
Daniele Bonera,0.10510417813293761,0.11023395755370508,0.11350487396940159,0.10961433655201476,0.008400695836463981,10
Miguel Lopes,0.10950353864892234,0.11072689812508495,0.10650051300914987,0.10891031659438571,0.00422638511593508,14
Heiko Westermann,0.1024957266856802,0.11833648016308418,0.10511482382879686,0.10864901022585376,0.015840753477403977,28
Carles Planas,0.10663033032128925,0.11047272348060759,0.10857127292137042,0.10855810890775575,0.003842393159318336,1
Francisco Molinero,0.10785636795702172,0.10656564306378136,0.1059634377042984,0.10679514957503383,0.0018929302527233155,10
Pedro Mosquera,0.10924150560255577,0.10802222642826613,0.1028696058452033,0.10671111262534172,0.006371899757352473,17
Laure,0.10384199492156683,0.10626049528850302,0.10935468269091544,0.10648572430032843,0.005512687769348615,10
Germán Lux,0.09429418693598407,0.10906073863941954,0.11530633860015851,0.10622042139185404,0.021012151664174444,35
Álvaro Medrán,0.10891523006515855,0.1071521840274636,0.10249760931609672,0.10618834113623961,0.006417620749061825,18
Daniel Wass,0.1035557282961522,0.10586310152520967,0.10807779762015918,0.10583220914717369,0.004522069324006978,7
Sergio Álvarez,0.09882750584733609,0.1097163810634898,0.10612443930162503,0.10488944207081696,0.010888875216153712,14
Rubén Pérez,0.09813772914548206,0.10883799508580652,0.1074758398573504,0.10481718802954632,0.010700265940324458,17
Martín Montoya,0.10509595020668602,0.11097925889003647,0.09521188637446527,0.1037623651570626,0.0157673725155712,28
Benoît Trémoulinas,0.10478953984840043,0.09379589877844435,0.10907655838735954,0.10255399900473477,0.015280659608915184,31
Javi López,0.10466141138020627,0.10332048904014714,0.09742538054775687,0.1018024269893701,0.007236030832449392,13
Alejandro Arribas,0.09849683943300501,0.10386419328801501,0.10261475882315878,0.10165859718139293,0.005367353855009999,7
Miguel Torres,0.09932038954297222,0.10335558713758573,0.10158977900551455,0.10142191856202416,0.0040351975946135155,3
Felipe Caicedo,0.08494897992810477,0.11051404734270844,0.10680861090682923,0.10075721272588083,0.025565067414603668,44
Juan Cala,0.1018320979106172,0.09784453455709746,0.10117647804108673,0.10028437016960046,0.003987563353519741,7
Jean-Sylvain Babin,0.09851297241410242,0.10015623782433167,0.10136655378478869,0.10001192134107427,0.0028535813706862673,3
Jaume Costa,0.09817174138995235,0.09973614053554815,0.09988190521318553,0.09926326237956201,0.0017101638232331767,1
Vicente Guaita,0.09319724971752709,0.10389069603207887,0.0999692812314422,0.0990190756603494,0.010693446314551783,16
Xabi Prieto,0.10236790075642917,0.09527824080264786,0.09648886772076257,0.09804500309327986,0.007089659953781302,13
Toño,0.09701108013940316,0.09981104665687285,0.09691915406711618,0.0979137602877974,0.002891892589756667,4
Joaquín,0.10471406392760042,0.09521815775264675,0.09206013036367688,0.09733078401464135,0.012653933563923539,25
Sergio Álvarez,0.1025248113400272,0.09416219745914063,0.09384287690135051,0.09684329523350611,0.00868193443867668,18
Santi Mina,0.10721643064897035,0.09655351108266483,0.0864375409568574,0.09673582756283088,0.020778889692112945,38
Saúl Ñíguez,0.09087684436240376,0.0960561906773628,0.10016170122755903,0.09569824542244186,0.009284856865155275,13
Ricardo Costa,0.09420760639125422,0.08939707709028341,0.10057503558604573,0.0947265730225278,0.011177958495762322,19
Simão,0.09164655973538835,0.09747289265140967,0.09443188590700435,0.09451711276460079,0.005826332916021318,8
Sergio Rico,0.08671856840103724,0.10033673024699828,0.09569381132758126,0.09424970332520559,0.013618161845961041,25
Antonio Adán,0.0919213839588816,0.09929615410322572,0.09006278188394322,0.0937601066486835,0.009233372219282499,14
Aritz Elustondo,0.09015146882415279,0.09547023798024441,0.09541722982890515,0.09367964554443413,0.005318769156091627,8
Ángel Lafita,0.08506014917078163,0.08708440821834282,0.1068986103553509,0.09301438924815845,0.02183846118456928,38
Sebastián Cristóforo,0.08861001878698732,0.09401080801600556,0.09424269364370344,0.09228784014889878,0.005632674856716119,8
Jérémy Mathieu,0.0892935553093429,0.0933694962196852,0.08967365668787373,0.09077890273896727,0.004075940910342302,2
Tito,0.08767514715699322,0.09005106723357634,0.09365137918783578,0.09045919785946845,0.005976232030842563,8
Óscar Duarte,0.09971905319974758,0.08430585324880667,0.08235089045483619,0.08879193230113014,0.01736816274491139,39
Rubén Duarte,0.09448533892567376,0.08953948064310038,0.08105591916136773,0.08836024624338062,0.013429419764306033,25
Sidnei,0.08780167414527759,0.0887239932709004,0.08785915690553735,0.08812827477390511,0.0009223191256228086,1
Marcos Angeleri,0.08049392611059178,0.09522707539099663,0.08506511485308452,0.08692870545155766,0.014733149280404853,22
Pichu,0.0850985389310066,0.08662495476975872,0.08905035008661254,0.08692461459579263,0.0039518111556059304,8
Carlos Kameni,0.08006323347285403,0.08878029383586776,0.09178448927716057,0.08687600552862745,0.011721255804306538,19
Antonio Barragán,0.09189419281760479,0.08279326395905506,0.08592825269998142,0.08687190315888042,0.009100928858549726,29
Carlos Carmona,0.0947334522279339,0.09339198622984057,0.0722616059479715,0.08679568146858198,0.022471846279962404,50
Zouhair Feddal,0.07962682617250301,0.08528203761914842,0.09374268078113407,0.08621718152426183,0.01411585460863106,24
Adrián González,0.08203547838528841,0.08620165523638051,0.08928570464486055,0.08584094608884314,0.00725022625957214,12
Javi Fuego,0.08852841683047112,0.08543894467354916,0.08347749062868602,0.0858149507109021,0.0050509262017851,12
Momo,0.09046881066829437,0.08739856770278753,0.07849888969217171,0.0854554226877512,0.011969920976122664,26
Stefan Šćepović,0.07633698965874489,0.0883815331863575,0.08604718890334735,0.08358857058281659,0.012044543527612611,22
Aythami Artiles,0.0804135270930109,0.08704805903453533,0.07956000016219761,0.08234052876324795,0.007488058872337722,9
Sergi Roberto,0.08979107336105493,0.08251976212000779,0.07303697325736017,0.08178260291280763,0.01675410010369477,36
Fernando Navarro,0.08173253335455696,0.08281883070371047,0.07798347853911686,0.08084494753246142,0.004835352164593618,12
Diego Llorente,0.07744596981655236,0.08521845695710666,0.07905051292062985,0.08057164656476296,0.007772487140554299,8
John Guidetti,0.0867570085773891,0.088167239144177,0.06637931268357847,0.08043452013504819,0.02178792646059853,42
Nacho Cases,0.07766284175750703,0.08171152209204328,0.08175946866571512,0.08037794417175514,0.004096626908208098,13
Enzo Pérez,0.08005862153571594,0.08645662091309335,0.07279974070802604,0.07977166105227844,0.013656880205067307,24
Adri Embarba,0.08041075926380947,0.08304791203997518,0.07575639378225943,0.07973835502868136,0.007291518257715748,12
Rubén García,0.07832744048349173,0.08513250323501673,0.07341246745914835,0.07895747039255228,0.011720035775868373,16
Guilherme Siqueira,0.07720500171919158,0.0816002266857301,0.07726935004646937,0.07869152615046368,0.004395224966538519,1
Claudio Bravo,0.07562636103881222,0.07445308231597207,0.08406740499392916,0.07804894944957115,0.009614322677957088,25
Mehdi Lacen,0.0817398454109384,0.07837265327562787,0.07339273868032355,0.0778350791222966,0.008347106730614853,22
Raúl Albentosa,0.08291772962486706,0.07209422557708366,0.07832257544112846,0.0777781768810264,0.0108235040477834,29
Jefferson Lerma,0.07011850333606455,0.08167770511735967,0.08139400464948267,0.0777300710343023,0.011559201781295117,24
Juanfran,0.0755446870099624,0.07776178607477263,0.07961753534191951,0.07764133614221819,0.004072848331957105,16
Guillermo Ochoa,0.07796818919787174,0.07030183058864939,0.08337542668863973,0.07721514882505362,0.013073596099990342,32
Sofiane Feghouli,0.07057703154748658,0.08896212120130308,0.07050928743444736,0.07668281339441234,0.01845283376685572,40
Alphonse Areola,0.06997482546350821,0.08040128438880585,0.07936335770438668,0.07657982251890025,0.010426458925297644,20
Dani Castellano,0.07295827218485819,0.08003121681339921,0.07360936334908516,0.07553295078244752,0.0070729446285410225,4
Víctor Rodríguez,0.07113366438112895,0.0743679449314658,0.07961566467789116,0.07503909133016197,0.008482000296762215,18
Jordi Alba,0.0773625280740969,0.07239206855520895,0.07152973329860556,0.0737614433093038,0.00583279477549134,14
Yuri Berchiche,0.07010008262127508,0.08325396513374439,0.06753756658394758,0.07363053811298902,0.01571639854979681,26
Pablo Fornals,0.06452720428069358,0.07948796132164444,0.07671636081770944,0.07357717547334915,0.014960757040950859,25
Juan Carlos,0.06363230678125517,0.08652965771760796,0.06874267930251239,0.0729682146004585,0.022897350936352784,42
Javier Garrido,0.07329423768525885,0.0712745074888859,0.07358086456495477,0.07271653657969984,0.0023063570760688684,9
Borja Bastón,0.06981370000207979,0.08477449097482988,0.06305379658375251,0.0725473291868874,0.021720694391077364,35
Vicente Gómez,0.07384604176504102,0.07366063877653735,0.06838571557454998,0.07196413203870945,0.005460326190491041,14
Rachid Aït-Atmane,0.07534580017726518,0.06169677191700435,0.07882220879132806,0.07195492696186587,0.01712543687432371,33
Jonathan dos Santos,0.07817165417385767,0.064417045661133,0.07241396260409763,0.07166755414636276,0.01375460851272467,29
Jaume Doménech,0.06790683266469982,0.07228433130596401,0.07462608763451398,0.07160575053505927,0.0067192549698141535,13
Jan Oblak,0.06826536883502199,0.06966989442473343,0.07100847962917615,0.06964791429631052,0.002743110794154166,4
Mubarak Wakaso,0.07178810629275188,0.055073781203767116,0.07972660904965204,0.06886283218205701,0.02465282784588492,50
Javi Márquez,0.06497852057964563,0.06578823032838496,0.07538193918369614,0.06871623003057557,0.010403418604050502,21
Eric Bailly,0.06145018257073446,0.06408861409991357,0.07869906459602298,0.06807928708889033,0.01724888202528852,33
David Simón,0.06682627471334493,0.07432641668748183,0.0622458684951945,0.06779951996534042,0.012080548192287328,20
Cristiano Biraghi,0.06495672858913357,0.06463836505381981,0.0707959147866077,0.06679700280985369,0.006157549732787884,10
Abraham González,0.06786469998328819,0.06720261748973563,0.06467887945360411,0.06658206564220931,0.0031858205296840802,5
Tomás Pina,0.061183308492580316,0.07165614768809184,0.06415873106230092,0.06566606241432436,0.010472839195511521,16
Gustavo Cabral,0.057714492174557666,0.06531190329283156,0.0702579428515601,0.0644281127729831,0.012543450677002438,16
Íñigo Martínez,0.06593377703953751,0.06125359077132325,0.0648745431171043,0.06402063697598835,0.004680186268214259,7
Nacho,0.060028014944391014,0.062342000421914,0.06392009973897375,0.062096705035092924,0.003892084794582737,7
Andrés Fernández,0.05508118472339868,0.06997172143883683,0.05997226649591787,0.061675057552717794,0.014890536715438149,18
Mauro dos Santos,0.06835565392329407,0.05661972554516561,0.059769266278601886,0.06158154858235385,0.011735928378128459,21
Nacho Martínez,0.06515487355495955,0.06531949653803949,0.053864085201147,0.06144615176471535,0.011455411336892492,24
Sergi Gómez,0.06774315768997552,0.05394564718218738,0.06002143749407913,0.060570080788747344,0.013797510507788137,23
Álvaro Cejudo,0.06050104827490592,0.05987133093735865,0.06021715964403209,0.060196512952098886,0.0006297173375472698,2
Kolo,0.06604472123024821,0.05413035651748924,0.05870076726122923,0.059625281669655555,0.011914364712758967,20
Javi Varas,0.05147045289421922,0.06368146205059846,0.06311188616729685,0.059421267037371515,0.012211009156379245,15
Raúl García,0.06147695555089953,0.059502010184083555,0.05545257042187613,0.05881051205228641,0.006024385129023396,13
Nabil El Zhar,0.05228955394849261,0.05785415664911508,0.06278573748034473,0.05764314935931747,0.010496183531852117,12
Víctor Sánchez,0.0534153568980317,0.057380075853539915,0.061863749502123644,0.057553060751231754,0.008448392604091942,8
Gerard Moreno,0.05492642561524906,0.05591970115225907,0.059148986779735825,0.056665037849081314,0.004222561164486764,1
Iván Ramis,0.05258676280242988,0.057742195186209475,0.056531251769147424,0.055620069919262265,0.005155432383779593,6
José Giménez,0.057390996250822876,0.04884888767160841,0.05788570867922057,0.05470853086721728,0.009036821007612161,14
Charles,0.046937444794947256,0.05227413666090171,0.0609810386692192,0.05339754004168939,0.014043593874271947,18
Alfred N'Diaye,0.04887922890605405,0.05313237550752237,0.05422731440020725,0.05207963960459455,0.0053480854941532,5
Sergio Araujo,0.05371115214901254,0.049458872971704454,0.05038067267797094,0.051183565932895976,0.004252279177308083,12
Pedro León,0.044635105188103485,0.047269982308137275,0.05892360258664439,0.050276230027628384,0.014288497398540906,15
Enzo Roco,0.04207403040915803,0.05490855191725048,0.052059185735451624,0.049680589353953385,0.012834521508092445,21
Álvaro González,0.049798286744459935,0.050857840323390385,0.04779654015484475,0.049484222407565025,0.0030613001685456387,7
Saúl Berjón,0.049204105546083544,0.04470865370591678,0.05296289716138184,0.04895855213779405,0.008254243455465063,10
Alberto de la Bella,0.043245868756104686,0.05986558100885671,0.043500212085105794,0.0488705539500224,0.016619712252752022,26
Gero Rulli,0.04305192510530885,0.0556924899653128,0.046229033808592945,0.0483244829597382,0.01264056486000395,19
Raúl Baena,0.04258380988516554,0.047322549899369445,0.054717883976148476,0.04820808125356115,0.012134074090982938,16
Abdoulaye Doucouré,0.04495283879924928,0.04348591467195926,0.05520951136685151,0.04788275494602001,0.01172359669489225,19
Antonio Rukavina,0.046386634150063534,0.04880123504379381,0.04841995666009707,0.047869275284651465,0.002414600893730273,2
Dani García,0.05059996144751212,0.04526650456943907,0.047656915646970076,0.047841127221307095,0.005333456878073052,11
Weligton,0.0512852050487306,0.044150552210205564,0.046113014196598134,0.047182923818511434,0.007134652838525039,17
Xabier Etxeita,0.0503126282157598,0.046437775976845834,0.04217620596175249,0.04630887005145271,0.008136422254007306,15
David Navarro,0.04404299499650182,0.04428451919996013,0.04887869704220099,0.04573540374622098,0.004835702045699171,8
Mikel González,0.04956345078119298,0.03569837136471448,0.05158474034574526,0.045615520830550906,0.015886368981030782,24
Miguel Ángel Guerrero,0.0445586631807789,0.04413365468788485,0.04304296615913195,0.04391176134259856,0.0015156970216469445,7
Santiago Vergini,0.03907074239111079,0.05109452898431337,0.04041053157169177,0.04352526764903864,0.012023786593202579,19
Rúben Vezo,0.04226527538910312,0.04494650554107993,0.03922054328339934,0.04214410807119414,0.005725962257680586,10
Keylor Navas,0.04336295153432664,0.037850880229496724,0.043639582054810236,0.0416178046062112,0.005788701825313512,13
Stefan Savić,0.03834901980547179,0.04686772455380297,0.03833323140075037,0.04118332525334171,0.008534493153052596,15
Aymen Abdennour,0.0427647521387571,0.04056988324676737,0.037946029999919494,0.04042688846181466,0.004818722138837606,10
Álvaro Negredo,0.04076662007481696,0.03962546100089212,0.040394762557769685,0.040262281211159594,0.0011411590739248412,3
Daniel Carriço,0.03833830036693025,0.040324569582362135,0.03600688749034105,0.03822325247987781,0.0043176820920210884,6
Víctor Álvarez,0.035617105671193076,0.04035803937195355,0.038484418184071244,0.038153187742405954,0.004740933700760473,4
Jonathas,0.039269344966929305,0.03947675145017066,0.03022899196678606,0.036325029461295344,0.009247759483384601,11
Diego Alves,0.0243135299167838,0.04465688101500746,0.039360648693140196,0.036110353208310485,0.020343351098223664,17
Rubén Martínez,0.025144138711076208,0.03905908260650849,0.041006364994176,0.035069862103920234,0.015862226283099794,12
Rene Krhin,0.02934709781094382,0.0337791059782523,0.035649431770677614,0.032925211853291246,0.006302333959733793,2
Duje Čop,0.024516468542248135,0.03568111913540004,0.03750212082946207,0.03256656950237008,0.012985652287213933,4
Bruno González,0.028466410254000773,0.03614140667446793,0.03132791879909054,0.03197857857585308,0.007674996420467154,3
Coke,0.03224394557496689,0.026112775861485932,0.030483672519376042,0.029613464651942954,0.006131169713480957,5
Antonio Amaya,0.02061078565952707,0.006938000273201958,0.03963063315494836,0.02239313969589246,0.0326926328817464,26
Carlos Gurpegi,0.012239325089503957,0.027256494720488238,0.026248422198775875,0.02191474733625602,0.01501716963098428,9
Samu Castillejo,0.01642190172669667,0.019911027156909674,0.023763074775995936,0.020032001219867427,0.0073411730492992655,3
Carlos Vigaray,0.03391897703268909,0.01667275841789234,0.008774769252411416,0.019788834900997615,0.025144207780277674,18
Juan Rodríguez,0.01529964182635821,0.02148259920330828,0.021467295571508456,0.019416512200391648,0.006182957376950071,3
Raphaël Varane,0.02000091600136227,0.022474456199950584,0.015691740037441646,0.019389037412918166,0.006782716162508938,5
Jorge Meré,0.02347636326593543,0.021295550362049023,0.012673267307758388,0.019148393645247615,0.010803095958177042,9
Adil Rami,0.012235572305546408,0.02353608525636277,0.01842149988812618,0.018064385816678453,0.011300512950816362,8
Francisco Portillo,0.012464143301399309,0.01624663598049235,0.022975999025818365,0.01722892610257001,0.010511855724419056,4
Bernardo Espinosa,0.019635283745866528,0.020297617129413272,0.006945484806758353,0.015626128560679384,0.01335213232265492,12
Omar Mascarell,0.010660843508899013,0.011934070393015875,0.012772956791851506,0.011789290231255465,0.0021121132829524936,3
Markel Bergara,0.010944864321190288,0.012322877762442487,0.006984223294633444,0.010083988459422074,0.005338654467809043,5
Rodrigo,0.008409257366762315,0.011985046466884095,0.00939842013172634,0.009930907988457584,0.00357578910012178,3
Manucho Gonçalves,-0.006293394077168311,0.007867235200141168,0.027558249375626936,0.009710696832866598,0.033851643452795246,22
Deyverson,0.008461245454520271,0.005095911874410087,0.013254846432559893,0.008937334587163418,0.008158934558149807,9
David Lombán,0.008176279470793569,0.011205181036613885,0.005354042632676848,0.008245167713361434,0.005851138403937037,5
Cani,0.008781325367429265,0.006188134722916826,0.00838229116087301,0.0077839170837397005,0.0025931906445124395,4
Sergio Canales,-0.0028939751446962654,0.013778865501878719,0.0055870747583409465,0.005490655038507801,0.016672840646574982,10
Grzegorz Krychowiak,-0.0003225896355698388,0.004221844886743367,0.0013726867720501295,0.0017573140077412192,0.004544434522313206,2
Ognjen Vranješ,0.007655489521662665,-0.011994918121957764,0.0025000667462318172,-0.0006131206180210938,0.01965040764362043,9
Diego Godín,0.0013290192613335833,0.00052005467555401,-0.004730780558681793,-0.0009605688739314,0.006059799820015376,5
Roberto Soldado,-0.006723946198545239,-0.0023920586615523427,-0.0041036148180421785,-0.004406539892713254,0.004331887536992896,4
Aleksandar Pantić,-0.003279161168843905,-0.004169091235956021,-0.0062798753686432425,-0.004576042591147723,0.0030007141997993375,3
David Zurutuza,-0.022850239192848676,-0.0045263442393661535,0.008094240745322168,-0.006427447562297554,0.030944479938170844,13
Léo Baptistão,-0.004526647209933946,-0.008322031219880021,-0.008353173085393989,-0.007067283838402653,0.003826525875460043,3
Luisinho,-0.006067354202781688,-0.006269915269099249,-0.011187662403951205,-0.007841643958610714,0.005120308201169517,3
Aderllan Santos,-0.0231524335575806,-0.018696290596506827,-0.015090166840632285,-0.01897963033157324,0.008062266716948315,2
Danilo Barbosa,-0.021311876751544067,-0.022816640296016485,-0.01351737303623753,-0.01921529669459936,0.009299267259778955,2
Matías Nahuel,-0.013972409047385942,-0.02252541702752933,-0.022755598577338138,-0.019751141550751136,0.008783189529952195,3
Jorge Molina,-0.05110683174438321,-0.0394214878339499,-0.03496803377526981,-0.04183211778453431,0.016138797969113404,0
Álvaro Vázquez,-0.06256028232509142,-0.0506825744420557,-0.05744379208611343,-0.056895549617753526,0.011877707883035722,0
Fernando Llorente,-0.13042835133578698,-0.11856036427414066,-0.13146309349127192,-0.12681726970039986,0.012902729217131259,0
Nordin Amrabat,-0.13438229177279823,-0.14069300021552483,-0.13680778327353257,-0.13729435842061855,0.006310708442726604,1
Luciano Vietto,-0.13263298468233034,-0.1388438613064326,-0.14112003359576944,-0.13753229319484414,0.0084870489134391,1
Nabil Ghilas,-0.16120930923488372,-0.16013711317239124,-0.16735458263626196,-0.16290033501451232,0.007217469463870724,0
