player_id,name,player_name,team_name,games,minutes,actions,offensive,defensive,vaep,offensive_p90,defensive_p90,vaep_p90,goals,assists,goals_p90,assists_p90,ga_p90,rank_goals_p90,rank_assists_p90,rank_ga_p90,rank_vaep_p90
6399.0,Gareth Bale,Gareth Frank Bale,Real Madrid,23,1784,1820,17.170784387426917,-0.4274067465448752,16.74337764088204,0.8662391226840932,-0.0215619995454253,0.8446771231386679,19.0,6.0,0.9585201793721972,0.3026905829596413,1.2612107623318385,4,2,2,1
5503.0,Lionel Messi,Lionel Andrés Messi Cuccittini,Barcelona,33,2818,4520,26.096281105586883,-0.8165232058818219,25.27975789970506,0.8334511353807024,-0.0260777461069425,0.8073733892737599,26.0,6.0,0.830376153300213,0.19162526614620298,1.022001419446416,6,19,5,2
5695.0,James Rodríguez,James David Rodríguez Rubio,Real Madrid,26,1568,2562,10.85419030605117,-0.1658651318284683,10.6883251742227,0.6230083721585492,-0.009520320066685,0.6134880520918642,7.0,4.0,0.40178571428571425,0.22959183673469385,0.631377551020408,29,10,13,3
19677.0,Karim Benzema,Karim Benzema,Real Madrid,27,2023,1597,13.23716804419784,-0.3971755660750204,12.839992478122818,0.5889002095787471,-0.0176696989356163,0.5712305106431308,24.0,2.0,1.0677212061295107,0.08897676717745921,1.15669797330697,2,83,3,4
5246.0,Luis Suárez,Luis Alberto Suárez Díaz,Barcelona,35,3257,2493,19.868744204557636,-0.9060309807682644,18.96271322378937,0.5490288542862103,-0.0250361646512569,0.5239926896349534,40.0,10.0,1.105311636475284,0.276327909118821,1.3816395455941048,1,5,1,5
6677.0,Imanol Agirretxe,Imanol Agirretxe Arruti,Real Sociedad,16,1207,728,7.297694121778477,-0.4300918147200718,6.867602307058405,0.5441528342668293,-0.0320698121995082,0.512083022067321,13.0,0.0,0.9693454846727423,0.0,0.9693454846727423,3,194,7,6
5487.0,Antoine Griezmann,Antoine Griezmann,Atlético Madrid,38,3134,3099,15.875891781615984,-0.2050979330670088,15.670793848548977,0.4559126548645305,-0.0058898576822051,0.4500227971823253,22.0,3.0,0.6317804722399489,0.08615188257817485,0.7179323548181238,9,91,10,7
4320.0,Neymar,Neymar da Silva Santos Junior,Barcelona,34,3148,4797,16.720590255265215,-1.2288569486117922,15.491733306653424,0.4780346642229572,-0.0351325048840728,0.4429021593388844,24.0,10.0,0.6861499364675985,0.28589580686149935,0.9720457433290979,7,4,6,8
6724.0,Nolito,Manuel Agudo Durán,Celta Vigo,29,2575,2983,12.559544722030132,-0.8809994132170686,11.678545308813064,0.4389743786340628,-0.0307922125007907,0.4081821661332721,12.0,3.0,0.41941747572815535,0.10485436893203884,0.5242718446601942,28,61,24,9
5504.0,Éver Banega,Éver Maximiliano David Banega,Sevilla,25,1776,2717,7.638402688918382,-0.0869566576002398,7.551446031318142,0.3870812173438369,-0.0044065873783905,0.3826746299654464,5.0,2.0,0.25337837837837834,0.10135135135135136,0.3547297297297297,52,67,52,10
6732.0,Lucas Pérez,Lucas Pérez Martínez,RC Deportivo La Coruña,36,3254,2398,13.433289494899082,-0.8355247511353809,12.5977647437637,0.3715415041613145,-0.0231091664419742,0.3484323377193402,17.0,7.0,0.4701905347264904,0.19360786724031961,0.6637984019668101,20,18,12,11
6852.0,Jozabed Sánchez,Jozabed Sánchez Ruiz,Rayo Vallecano,27,2135,2284,8.138989868314937,-0.0780356729228515,8.060954195392085,0.3430955916385688,-0.0032895599826963,0.3398060316558724,9.0,1.0,0.3793911007025761,0.04215456674473068,0.42154566744730676,31,160,40,12
5200.0,Lucas Vázquez,Lucas Vázquez Iglesias,Real Madrid,25,1300,1640,4.823303235882195,0.0419617828156333,4.865265018697828,0.3339209932533827,0.0029050465026207,0.3368260397560035,4.0,3.0,0.27692307692307694,0.2076923076923077,0.48461538461538467,46,15,29,13
5216.0,Andrés Iniesta,Andrés Iniesta Luján,Barcelona,28,2317,3873,8.459876075490378,0.1473575500131119,8.60723362550349,0.3286097741882322,0.0057238582223478,0.3343336324105801,1.0,1.0,0.03884333189469141,0.03884333189469141,0.07768666378938283,190,170,190,14
24173.0,Carlos Castro,Carlos Castro García,Sporting Gijón,25,1077,565,4.254244763404131,-0.2535770454269368,4.000667717977194,0.3555079189474204,-0.0211902823476548,0.3343176365997655,7.0,0.0,0.5849582172701949,0.0,0.5849582172701949,12,194,21,15
6377.0,Ángel Correa,Ángel Martín Correa,Atlético Madrid,26,1017,1065,3.90585839415947,-0.2207362230110447,3.685122171148425,0.3456511853238468,-0.019534179027526,0.3261170062963208,5.0,2.0,0.44247787610619466,0.17699115044247787,0.6194690265486725,25,23,14,16
5574.0,Toni Kroos,Toni Kroos,Real Madrid,32,2827,4840,9.413369523523375,0.4437105806282488,9.857080104151624,0.2996827934620105,0.0141259116577794,0.31380870511979,1.0,7.0,0.0318358684117439,0.2228510788822073,0.2546869472939512,202,11,86,17
5463.0,Luka Modrić,Luka Modrić,Real Madrid,32,2689,4598,8.967610450454057,0.3683207296999171,9.335931180153974,0.3001431537898346,0.0123275811353635,0.3124707349251981,2.0,2.0,0.06693938267013759,0.06693938267013759,0.13387876534027518,158,121,141,18
8523.0,Yevgen Konoplyanka,Yevhen Konoplyanka,Sevilla,32,1704,1644,6.274384525850395,-0.4179766390006989,5.856407886849696,0.331393548900549,-0.0220762309331355,0.3093173179674135,4.0,4.0,0.2112676056338028,0.2112676056338028,0.4225352112676056,66,14,39,19
6668.0,José Luis Morales,José Luis Morales Nogales,Levante UD,35,2760,2561,9.92549095902266,-0.6474245363642694,9.27806642265839,0.3236573138811737,-0.0211116696640522,0.3025456442171214,7.0,3.0,0.22826086956521738,0.09782608695652174,0.32608695652173914,61,70,64,20
6393.0,Iñaki Williams,Iñaki Williams Arthuer,Athletic Club,25,1652,1334,6.248159976148978,-0.7490918227704242,5.499068153378554,0.3403961246086005,-0.0408100871969359,0.2995860374116645,8.0,3.0,0.4358353510895884,0.16343825665859565,0.5992736077481841,26,30,19,21
6595.0,Dani Parejo,Daniel Parejo Muñoz,Valencia,33,2853,3827,9.893742071925388,-0.5379435506765731,9.355798521248817,0.3121054281364476,-0.0169698280970527,0.2951356000393948,8.0,3.0,0.2523659305993691,0.0946372239747634,0.34700315457413256,53,74,56,22
5552.0,Marcelo,Marcelo Vieira da Silva Júnior,Real Madrid,30,2564,4210,8.225702919767471,-0.2212326698063407,8.00447024996113,0.2887337218327115,-0.0077655773332958,0.2809681444994156,2.0,2.0,0.07020280811232449,0.07020280811232449,0.14040561622464898,148,116,135,23
5470.0,Ivan Rakitić,Ivan Rakitić,Barcelona,36,2653,3757,7.851637148248497,-0.0498065903957467,7.8018305578527505,0.2663578376714529,-0.0016896317887739,0.264668205882679,7.0,2.0,0.23746701846965698,0.06784771956275915,0.30531473803241616,58,119,72,24
7141.0,Giuseppe Rossi,Giuseppe Rossi,Levante UD,17,1180,901,3.702740710722029,-0.2368378145620226,3.4659028961600065,0.2824124270889683,-0.0180639011106627,0.2643485259783055,6.0,0.0,0.45762711864406774,0.0,0.45762711864406774,23,194,33,25
6680.0,Rubén Rochina,Rubén Rochina Naixes,Granada,35,2560,2983,7.599775691935327,-0.1587558286264538,7.441019863308873,0.2671796141696013,-0.0055812596001487,0.2615983545694526,6.0,3.0,0.2109375,0.10546875,0.31640625,67,60,68,26
5506.0,Javier Mascherano,Javier Alejandro Mascherano,Barcelona,32,2778,4148,7.368364373513032,0.6678114382957574,8.03617581180879,0.2387159084291479,0.0216353597720007,0.2603512682011487,0.0,0.0,0.0,0.0,0.0,212,194,257,27
6384.0,Gabi,Gabriel Fernández Arenas,Atlético Madrid,35,2979,4391,8.340417661140208,0.2473720314010279,8.587789692541236,0.2519763643849005,0.0074734752689132,0.2594498396538137,1.0,1.0,0.030211480362537763,0.030211480362537763,0.060422960725075525,206,190,222,28
6862.0,Cédric Bakambu,Cédric Bakambu,Villarreal,34,1938,1320,5.851750930771232,-0.457918443280505,5.393832487490727,0.2717531391999024,-0.0212655623814476,0.2504875768184548,12.0,1.0,0.5572755417956656,0.04643962848297213,0.6037151702786377,14,153,18,29
6396.0,Beñat Etxebarria,Beñat Etxebarria Urkiaga,Athletic Club,36,3003,4032,8.452387608134188,-0.0985060683160554,8.353881539818133,0.2533183099340915,-0.002952229819662,0.2503660801144295,1.0,4.0,0.02997002997002997,0.11988011988011987,0.14985014985014983,208,53,130,30
4324.0,Dani Alves,Daniel Alves da Silva,Barcelona,29,2206,3874,5.571687186359894,0.5447743368276861,6.11646152318758,0.2273127138587445,0.0222256075768321,0.2495383214355767,0.0,3.0,0.0,0.12239347234814144,0.12239347234814144,212,52,145,31
6699.0,Ander Capa,Ander Capa Rodríguez,Eibar,36,3242,3470,8.35440295279841,0.521332096264814,8.875735049063223,0.2319235859814487,0.014472513468178,0.2463960994496268,2.0,4.0,0.05552128315854411,0.11104256631708823,0.16656384947563235,174,56,120,32
6928.0,Tana,Pedro Taunausú Domínguez Placeres,Las Palmas,27,2166,2608,6.027606457186863,-0.1039057116722688,5.923700745514594,0.2504545619329721,-0.004317411842338,0.2461371500906341,5.0,3.0,0.20775623268698062,0.12465373961218837,0.332409972299169,69,48,60,33
5207.0,Cristiano Ronaldo,Cristiano Ronaldo dos Santos Aveiro,Real Madrid,36,3295,2755,9.880074657079811,-0.8905405021359911,8.989534154943822,0.2698654686304046,-0.0243243232753381,0.2455411453550664,35.0,6.0,0.9559939301972686,0.1638846737481032,1.1198786039453719,5,29,4,34
6624.0,Burgui,Jorge Franco Alviz,Espanyol,26,1051,1015,2.9059741832620727,-0.0975895237352233,2.8083846595268493,0.2488465047512716,-0.0083568574083445,0.2404896473429271,1.0,2.0,0.0856327307326356,0.1712654614652712,0.25689819219790677,124,24,84,35
6740.0,Chory Castro,Gonzalo Castro Irizábal,Málaga,24,1456,1515,4.065669587951153,-0.2066351834218949,3.859034404529259,0.2513119937607169,-0.0127727791950347,0.2385392145656822,1.0,2.0,0.061813186813186816,0.12362637362637363,0.18543956043956045,167,50,113,36
6390.0,Markel Susaeta,Markel Susaeta Laskurain,Athletic Club,28,1975,1835,5.280364812677727,-0.0703524629498133,5.210012349727913,0.2406242193118964,-0.0032059350204978,0.2374182842913985,3.0,8.0,0.13670886075949368,0.36455696202531646,0.5012658227848101,90,1,25,37
10755.0,Jonathan Viera,Jonathan Viera Ramos,Las Palmas,36,3216,4383,8.959043227651753,-0.5294726907741278,8.429570536877625,0.2507194933111498,-0.0148173327642013,0.2359021605469484,10.0,5.0,0.27985074626865675,0.13992537313432837,0.4197761194029851,45,39,41,38
6563.0,Juanpi,Juan Pablo Añor Acosta,Málaga,29,1680,1741,4.600030729973689,-0.2021860461391043,4.397844683834585,0.2464302176771619,-0.0108313953288805,0.2355988223482813,4.0,1.0,0.2142857142857143,0.053571428571428575,0.2678571428571429,65,142,82,39
6685.0,Mikel Oyarzabal,Mikel Oyarzabal Ugarte,Real Sociedad,22,1561,1263,4.0444864843674,0.0307336504629347,4.075220134830335,0.2331862803286778,0.0017719593476387,0.2349582396763165,6.0,1.0,0.3459320948110186,0.05765534913516976,0.4035874439461884,38,136,42,40
6728.0,Fede Cartabia,Federico Nicolás Cartabia,RC Deportivo La Coruña,26,1400,1680,3.513455607714364,0.1164994522114284,3.6299550599257926,0.2258650033530662,0.0074892504993061,0.2333542538523723,3.0,2.0,0.19285714285714287,0.12857142857142856,0.3214285714285714,73,43,65,41
22819.0,Bruno Soriano,Bruno Soriano Llido,Villarreal,31,2710,3421,7.0302368690373225,-0.0387794777197996,6.991457391317523,0.2334765011857413,-0.0012878793338678,0.2321886218518734,5.0,0.0,0.16605166051660517,0.0,0.16605166051660517,76,194,121,42
3063.0,Danilo,Danilo Luiz da Silva,Real Madrid,24,2115,2954,5.46441874303855,-0.0136060660879593,5.450812676950591,0.2325284571505766,-0.0005789815356578,0.2319494756149187,2.0,4.0,0.0851063829787234,0.1702127659574468,0.2553191489361702,125,25,85,43
6320.0,Filipe Luis,Filipe Luís Kasmirski,Atlético Madrid,32,2947,4452,7.474249102699105,0.0424353563867043,7.516684459085809,0.2282600676087273,0.0012959559127259,0.2295560235214533,1.0,2.0,0.030539531727180186,0.06107906345436037,0.09161859518154056,204,127,172,44
5203.0,Sergio Busquets,Sergio Busquets i Burgos,Barcelona,35,2988,4631,6.938812096195761,0.6546214318659622,7.593433528061723,0.2090003643432458,0.0197175130080109,0.2287178773512567,0.0,2.0,0.0,0.060240963855421686,0.060240963855421686,212,129,223,45
6720.0,Pablo Sarabia,Pablo Sarabia García,Getafe,31,2609,2900,7.220266348980833,-0.6151007570151705,6.605165591965663,0.2490701308579053,-0.0212185006252837,0.2278516302326215,7.0,3.0,0.24147182828669989,0.10348792640858566,0.34495975469528556,57,63,58,46
5721.0,Daniel Carvajal,Daniel Carvajal Ramos,Real Madrid,22,1685,2435,3.899365123856114,0.3503785285865888,4.249743652442703,0.2082746950427598,0.0187145801618949,0.2269892752046547,0.0,4.0,0.0,0.21364985163204747,0.21364985163204747,212,13,100,47
6382.0,Fernando Torres,Fernando José Torres Sanz,Atlético Madrid,30,1765,1147,4.68227270047646,-0.2308774392295163,4.451395261246944,0.2387561150384597,-0.0117727872694937,0.2269833277689659,11.0,1.0,0.5609065155807366,0.05099150141643059,0.6118980169971672,13,144,16,48
6718.0,Sergio Escudero,Sergio Escudero Palomo,Sevilla,15,1218,1301,3.208722642926732,-0.1377143124118447,3.0710083305148874,0.2370977322359654,-0.0101759344146683,0.2269217978212971,1.0,0.0,0.07389162561576354,0.0,0.07389162561576354,143,194,195,49
20669.0,Tiago,Tiago Cardoso Mendes,Atlético Madrid,14,1097,1496,2.559238689951598,0.1939531684620306,2.753191858413629,0.2099648879632123,0.0159122927635212,0.2258771807267335,1.0,2.0,0.0820419325432999,0.1640838650865998,0.24612579762989972,130,28,92,50
6581.0,Jony,Jonathan Rodríguez Menéndez,Sporting Gijón,36,2956,2695,7.940653077330187,-0.5482164673157968,7.39243661001439,0.2417654861162776,-0.0166912997491277,0.2250741863671499,5.0,6.0,0.15223274695534506,0.18267929634641406,0.3349120433017591,82,21,59,51
25707.0,Fran Rico,Francisco Manuel Rico Castro,Granada,28,1535,1696,3.820561117753852,0.0167624797322787,3.837323597486131,0.2240068407803561,0.000982816401241,0.2249896571815972,2.0,0.0,0.11726384364820848,0.0,0.11726384364820848,98,194,150,52
26685.0,Miku Fedor,Nicolás Ladislao Fedor Flores,Rayo Vallecano,22,1604,1020,4.148236949342769,-0.1578357546532061,3.9904011946895626,0.2327564373072626,-0.0088561208970003,0.2239003164102622,9.0,2.0,0.5049875311720698,0.11221945137157106,0.6172069825436409,16,55,15,53
23816.0,José Antonio Reyes,José Antonio Reyes Calderón,Sevilla,24,1229,1313,4.004549685014179,-0.9507669307058676,3.053782754308312,0.2932542486991669,-0.0696249176269553,0.2236293310722115,1.0,1.0,0.07323026851098453,0.07323026851098453,0.14646053702196907,144,108,133,54
5199.0,Koke,Jorge Resurrección Merodio,Atlético Madrid,35,3071,4435,7.71316377901053,-0.112273108883528,7.600890670127002,0.2260451775027508,-0.0032903223052808,0.2227548551974699,5.0,8.0,0.14653207424291761,0.2344513187886682,0.3809833930315858,84,8,46,55
6847.0,Adalberto Peñaranda,Adalberto Peñaranda Maestre,Granada,23,1722,1165,4.5998015971530695,-0.3402443533123005,4.259557243840769,0.2404077489801255,-0.0177828059222456,0.2226249430578799,5.0,0.0,0.2613240418118467,0.0,0.2613240418118467,49,194,83,56
6356.0,Michael Krohn-Dehli,Michael Krohn-Dehli,Sevilla,27,1745,1808,4.301862519818591,0.0012051397352479,4.303067659553839,0.2218725654920763,6.215620411020892e-05,0.2219347216961865,1.0,2.0,0.051575931232091685,0.10315186246418337,0.15472779369627504,177,64,129,57
7900.0,Bebé,Tiago Manuel Dias Correia,Rayo Vallecano,34,2304,2184,6.090574896046659,-0.4531644184025936,5.637410477644066,0.2379130818768226,-0.0177017350938513,0.2202113467829713,3.0,5.0,0.1171875,0.1953125,0.3125,99,16,69,58
5633.0,Yannick Carrasco,Yannick Ferreira Carrasco,Atlético Madrid,29,1553,2066,3.937137085727183,-0.2421085793466773,3.6950285063805057,0.2281663475308734,-0.0140307611984552,0.2141355863324182,4.0,1.0,0.231809401159047,0.05795235028976175,0.2897617514488087,60,135,73,59
11675.0,Moi Gómez,Moisés Gómez Bordonado,Getafe,22,972,968,2.073934972412186,0.2256667429173831,2.299601715329569,0.1920310159640912,0.0208950687886465,0.2129260847527378,2.0,1.0,0.1851851851851852,0.0925925925925926,0.2777777777777778,74,79,78,60
27341.0,Marcelo Díaz,Marcelo Alfonso Díaz Rojas,Celta Vigo,14,1031,1476,2.426950478790328,-0.0229281860520131,2.404022292738315,0.2118579467421237,-0.002001490538003,0.2098564562041205,0.0,0.0,0.0,0.0,0.0,212,194,257,61
24263.0,Isma López,Ismael López Blanco,Sporting Gijón,31,2591,2542,5.574192028421443,0.2747083960566669,5.84890042447811,0.1936230345650057,0.0095421673659205,0.2031652019309262,2.0,0.0,0.06947124662292552,0.0,0.06947124662292552,150,194,204,62
4926.0,Isco,Francisco Román Alarcón Suárez,Real Madrid,31,1881,2968,4.50407007801556,-0.264323578812764,4.239746499202796,0.2155057453595961,-0.0126470611872135,0.2028586841723826,3.0,6.0,0.14354066985645933,0.28708133971291866,0.430622009569378,88,3,37,63
23785.0,Théo Bongonda Mbul'Ofeko Batombo,Théo Bongonda Mbul''Ofeko Batombo,Celta Vigo,23,1243,931,2.768762603796553,0.0265663219324778,2.795328925729031,0.2004735594060255,0.0019235470425768,0.2023971064486024,2.0,1.0,0.14481094127111827,0.07240547063555913,0.2172164119066774,86,112,99,64
4711.0,Pablo Hernández,Pablo Hernández Domínguez,Rayo Vallecano,27,1976,2163,4.632302962922491,-0.2657746452023275,4.366528317720164,0.2109854588375628,-0.012105120479863,0.1988803383576997,3.0,2.0,0.13663967611336034,0.09109311740890688,0.22773279352226722,91,80,95,65
26222.0,Zé Castro,José Eduardo Rosa Vale de Castro,Rayo Vallecano,22,1775,2193,3.441413077380276,0.4393408728064969,3.880753950186772,0.174494184205197,0.0222764386211744,0.1967706228263715,2.0,0.0,0.10140845070422536,0.0,0.10140845070422536,110,194,162,66
6776.0,David Juncà,David Juncà Reñé,Eibar,31,2440,2435,5.753805177376606,-0.4818472029292024,5.271957974447403,0.2122305188376616,-0.0177730525670607,0.1944574662706009,0.0,2.0,0.0,0.07377049180327869,0.07377049180327869,212,106,196,67
26848.0,Roberto Trashorras,Roberto Trashorras Gayoso,Rayo Vallecano,36,3234,5163,7.049251634911107,-0.1105034801003057,6.938748154810801,0.1961758339956708,-0.0030752359953702,0.1931005980003006,3.0,6.0,0.08348794063079777,0.16697588126159554,0.2504638218923933,127,27,91,68
6671.0,Asier Illarramendi,Asier Illarramendi Andonegi,Real Sociedad,33,2949,3693,5.903105730270966,0.3710261883388739,6.27413191860984,0.1801558208627965,0.0113232814345536,0.1914791022973501,1.0,1.0,0.030518819938962362,0.030518819938962362,0.061037639877924724,205,189,221,69
7005.0,João Cancelo,João Pedro Cavaco Cancelo,Valencia,28,2198,2645,4.417257570428541,0.1862212214036844,4.6034787918322255,0.1808704191713233,0.0076250727599324,0.1884954919312558,1.0,3.0,0.04094631483166515,0.12283894449499545,0.1637852593266606,187,51,122,70
6742.0,Keko,Sergio Gontán Gallardo,Eibar,29,2378,2301,4.56216395445494,0.3862127313768724,4.948376685831812,0.1726639007152836,0.0146169662842382,0.1872808669995219,3.0,3.0,0.1135407905803196,0.1135407905803196,0.2270815811606392,102,54,96,71
6697.0,Dani Ceballos,Daniel Ceballos Fernández,Real Betis,34,2214,2906,4.472114675063873,0.0830780938267707,4.555192768890644,0.1817932794741411,0.003377158285641,0.1851704377597822,0.0,1.0,0.0,0.04065040650406504,0.04065040650406504,212,163,239,72
5687.0,Takashi Inui,Takashi Inui,Eibar,27,1682,1342,3.650744971132837,-0.1967765773006249,3.4539683938322123,0.1953430721771435,-0.0105290677509252,0.1848140044262182,3.0,3.0,0.1605231866825208,0.1605231866825208,0.3210463733650416,78,31,66,73
6899.0,Rubén Pardo,Rubén Pardo Gutiérrez,Real Sociedad,28,1855,2269,3.797474652355537,2.968384069390595e-05,3.797504336196231,0.1842440532140152,1.440186340944224e-06,0.1842454934003562,0.0,4.0,0.0,0.19407008086253372,0.19407008086253372,212,17,106,74
17054.0,Emiliano Velázquez,Emiliano Daniel Velázquez Maldonado,Getafe,11,1006,804,2.998468441568548,-0.960478868422797,2.037989573145751,0.2682526438779019,-0.0859275329602899,0.1823251109176119,3.0,1.0,0.268389662027833,0.08946322067594432,0.3578528827037773,47,81,51,75
6401.0,Kévin Gameiro,Kevin Gameiro,Sevilla,31,2163,1171,4.638366696579513,-0.2793481687986059,4.359018527780907,0.1929972273195359,-0.0116233634728962,0.1813738638466396,16.0,3.0,0.6657420249653259,0.12482662968099861,0.7905686546463244,8,47,8,76
27109.0,Youssef El-Arabi,Youssef El-Arabi,Granada,35,2624,1626,5.804852500337964,-0.5357058531080838,5.2691466472298805,0.1990993616731771,-0.0183740574617864,0.1807253042113907,16.0,0.0,0.5487804878048781,0.0,0.5487804878048781,15,194,23,77
23791.0,Víctor Casadesús,Víctor Casadesús Castaño,Levante UD,23,1021,824,2.2442578052869067,-0.2042614059755578,2.039996399311349,0.1978287977236254,-0.018005412867581,0.1798233848560444,3.0,1.0,0.2644466209598433,0.0881488736532811,0.3525954946131244,48,84,53,78
6627.0,Damián Suárez,Damián Nicolás Suárez Suárez,Getafe,31,2737,3073,6.205402605160838,-0.7377045749744866,5.467698030186352,0.2040505058328372,-0.0242577317309842,0.179792774101853,0.0,2.0,0.0,0.06576543660942638,0.06576543660942638,212,123,213,79
19668.0,Augusto Fernández,Augusto Matías Fernández,Celta Vigo,28,2261,3103,3.5207241449388675,0.9954857676348184,4.516209912573686,0.1401438182417063,0.0396257050363262,0.1797695232780325,1.0,0.0,0.039805395842547546,0.0,0.039805395842547546,189,194,241,80
8234.0,Ignacio Camacho,Ignacio Camacho Barnola,Málaga,23,2093,2367,3.9018245945044328,0.2740594907081686,4.175884085212601,0.1677803217894882,0.0117846890414405,0.1795650108309288,2.0,0.0,0.08600095556617296,0.0,0.08600095556617296,123,194,183,81
4353.0,Aymeric Laporte,Aymeric Laporte,Athletic Club,26,2297,2576,4.998740833601914,-0.4203872929792851,4.578353540622629,0.1958583696230615,-0.0164714220148609,0.1793869476082005,3.0,1.0,0.1175446234218546,0.0391815411406182,0.1567261645624728,97,168,127,82
10802.0,André Gomes,André Filipe Tavares Gomes,Valencia,30,2465,3118,5.137284572349396,-0.2327224817709066,4.904562090578489,0.1875681993961239,-0.0084969668800736,0.1790712325160503,3.0,2.0,0.10953346855983773,0.07302231237322515,0.18255578093306288,105,109,114,83
6918.0,Isaac Success,Isaac Ajayi Success,Granada,30,2498,2161,5.223527184338309,-0.3077204806613736,4.915806703676935,0.1881975366655115,-0.0110868067492088,0.1771107299163027,6.0,2.0,0.21617293835068052,0.07205764611689351,0.28823058446757405,64,113,74,84
6926.0,Alen Halilović,Alen Halilović,Sporting Gijón,36,2443,2170,5.152760499913246,-0.3459934394340962,4.8067670604791495,0.1898274437135457,-0.012746381313577,0.1770810623999686,3.0,1.0,0.11051985264019647,0.036839950880065496,0.14735980352026196,103,175,132,85
5456.0,Mateo Kovačić,Mateo Kovačić,Real Madrid,25,1095,1623,2.176401446777163,-0.0419775433547329,2.13442390342243,0.1788823106940134,-0.0034502090428547,0.1754321016511586,0.0,1.0,0.0,0.0821917808219178,0.0821917808219178,212,95,187,86
21210.0,Mariano,Mariano Ferreira Filho,Sevilla,23,1768,1753,3.277225211437326,0.1684258947352646,3.4456511061725905,0.1668270752428503,0.008573716360958,0.1754007916038083,0.0,2.0,0.0,0.10180995475113123,0.10180995475113123,212,66,160,87
6666.0,Sabin Merino,Sabin Merino Zuloaga,Athletic Club,22,1177,814,2.523738562595099,-0.2384046684310306,2.2853338941640686,0.1929791594167875,-0.0182297537457882,0.1747494056709993,5.0,0.0,0.3823279524214104,0.0,0.3823279524214104,30,194,45,88
5719.0,Marco Asensio Willemsen,Marco Asensio Willemsen,Espanyol,34,2924,2976,6.19558259457443,-0.518698388885241,5.676884205689189,0.1906985066729475,-0.0159654086866182,0.1747330979863293,4.0,5.0,0.12311901504787962,0.1538987688098495,0.2770177838577291,94,32,79,89
27347.0,Juan Manuel Vargas,Juan Manuel Vargas Risco,Real Betis,20,1787,1736,4.061516891142354,-0.5931761470274068,3.4683407441149465,0.2045531730289937,-0.029874568121134,0.1746786049078596,2.0,2.0,0.10072747621712368,0.10072747621712368,0.20145495243424735,111,68,104,90
6721.0,Willian José,Willian José da Silva,Las Palmas,30,1820,1259,3.9588811415855303,-0.4362426586158108,3.52263848296972,0.1957688476608229,-0.0215724391623203,0.1741964084985026,9.0,1.0,0.44505494505494503,0.04945054945054945,0.49450549450549447,24,148,27,91
6832.0,Rubén Castro,Rubén Castro Martín,Real Betis,38,3501,2254,7.351530688414734,-0.5896312205877621,6.761899467826972,0.1889853647407386,-0.0151576149251352,0.1738277498156033,19.0,4.0,0.48843187660668386,0.10282776349614396,0.5912596401028278,18,65,20,92
19431.0,Fernando Tissone,Fernando Damián Tissone,Málaga,12,1030,1138,1.9222175967879596,0.0522096482745837,1.974427245062543,0.1679607608843848,0.0045620081016626,0.1725227689860474,0.0,0.0,0.0,0.0,0.0,212,194,257,93
5213.0,Gerard Piqué,Gerard Piqué Bernabéu,Barcelona,30,2659,4045,4.477786460018251,0.6090058937552385,5.08679235377349,0.1515610309897113,0.0206132118984473,0.1721742428881587,2.0,1.0,0.06769462203836028,0.03384731101918014,0.10154193305754042,155,184,161,94
7907.0,Pedro Bigas,Pedro Bigas Rigo,Las Palmas,27,2446,2654,3.8958059307769872,0.7542541811417323,4.65006011191872,0.1433452713695539,0.0277526068286001,0.171097878198154,3.0,0.0,0.11038430089942763,0.0,0.11038430089942763,104,194,156,95
6605.0,Joseba Zaldúa,Joseba Zaldúa Bengoetxea,Real Sociedad,13,950,949,1.5710184731869958,0.2042806536774151,1.775299126864411,0.148833329038768,0.0193529040325972,0.1681862330713652,0.0,0.0,0.0,0.0,0.0,212,194,257,96
5737.0,Steven Nzonzi,Steven N''Kemboanza Mike Christopher Nzonzi,Sevilla,28,1916,1902,3.263729247701121,0.2617906725790817,3.5255199202802032,0.1533066974389879,0.0122970566451551,0.1656037540841431,3.0,1.0,0.1409185803757829,0.04697286012526095,0.18789144050104384,89,152,110,97
6838.0,Hernán Pérez,Hernán Arsenio Pérez González,Espanyol,32,2544,2658,5.344279202551348,-0.8091176883899607,4.535161514161388,0.1890664812223354,-0.0286244465232297,0.1604420346991057,7.0,1.0,0.24764150943396224,0.03537735849056604,0.2830188679245283,55,179,77,98
23806.0,Álex Bergantiños,Alejandro Bergantiños García,RC Deportivo La Coruña,22,1810,1755,2.743740690726554,0.4770909490180202,3.220831639744574,0.1364290951189999,0.0237227543710617,0.1601518494900617,2.0,0.0,0.0994475138121547,0.0,0.0994475138121547,112,194,164,99
6841.0,Vitolo,Víctor Machín Pérez,Sevilla,28,2130,2020,4.038160362862982,-0.2488059206516482,3.7893544422113337,0.1706264942054781,-0.0105129262247175,0.1601135679807605,2.0,3.0,0.08450704225352113,0.1267605633802817,0.2112676056338028,126,45,102,100
6649.0,De Marcos,Óscar de Marcos Arana,Athletic Club,34,3002,3161,4.738413138140459,0.5204804856330156,5.258893623773474,0.1420576890182016,0.0156040118943942,0.1576617009125958,1.0,2.0,0.029980013324450366,0.05996002664890073,0.0899400399733511,207,130,175,101
6569.0,Roberto Rosales,Roberto José Rosales Altuve,Málaga,35,3203,3355,5.016594656946836,0.5724959629878867,5.589090619934723,0.1409595751249501,0.0160863679890445,0.1570459431139947,0.0,2.0,0.0,0.05619731501717141,0.05619731501717141,212,137,226,102
6392.0,Iñigo Lekue,Íñigo Lekue Martínez,Athletic Club,20,1212,1271,2.0564188068285585,0.0408720614941557,2.0972908683227143,0.1527043668437048,0.0030350540713482,0.155739420915053,1.0,0.0,0.07425742574257425,0.0,0.07425742574257425,142,194,193,103
7782.0,Luis Alberto,Luis Alberto Romero Alconchel,RC Deportivo La Coruña,29,2168,2004,4.083032389837317,-0.3768240263743792,3.706208363462938,0.1694985770688923,-0.0156430638255046,0.1538555132433876,6.0,2.0,0.24907749077490773,0.08302583025830258,0.33210332103321033,54,94,61,104
5201.0,Sergio Ramos,Sergio Ramos García,Real Madrid,23,2002,2565,4.039109116740292,-0.6181014606991084,3.4210076560411835,0.1815783319213917,-0.0277867789525073,0.1537915529688843,2.0,0.0,0.0899100899100899,0.0,0.0899100899100899,121,194,176,105
6700.0,Sergi Enrich,Sergio Enrich Ametller,Eibar,38,2512,1864,4.81565245508682,-0.5555534702871228,4.260098984799697,0.1725353188526328,-0.0199043838876755,0.1526309349649573,9.0,4.0,0.32245222929936307,0.14331210191082802,0.4657643312101911,39,37,32,106
6842.0,Iker Muniain,Iker Muniain Goñi,Athletic Club,20,1062,1236,1.7917748350300826,0.0057363724044989,1.7975112074345816,0.1518453250025493,0.0004861332546185,0.1523314582571679,2.0,0.0,0.1694915254237288,0.0,0.1694915254237288,75,194,118,107
6771.0,Manu Trigueros,Manuel Trigueros Muñoz,Villarreal,31,2204,2492,3.540166926858016,0.1764602293842472,3.716627156242263,0.1445621703344924,0.0072057262452732,0.1517678965797657,2.0,1.0,0.08166969147005444,0.04083484573502722,0.12250453720508167,131,162,144,108
24149.0,Verza,José Antonio García Rabasco,Levante UD,29,2216,2587,4.428348206155214,-0.6933422746806173,3.735005931474597,0.1798516870730908,-0.0281592079067037,0.151692479166387,2.0,1.0,0.0812274368231047,0.04061371841155235,0.12184115523465705,133,164,146,109
26211.0,Joan Verdú,Joan Verdú Fernández,Levante UD,13,949,1042,1.5990137543086893,0.0004692251677624,1.5994829794764518,0.151645140029275,4.4499752474840815e-05,0.1516896397817499,1.0,1.0,0.09483667017913593,0.09483667017913593,0.18967334035827185,114,72,108,110
6394.0,Aritz Aduriz,Aritz Aduriz Zubeldia,Athletic Club,34,2889,1829,5.866807498599999,-1.0010835533903446,4.865723945209655,0.182766588741433,-0.0311864035324094,0.1515801852090235,20.0,4.0,0.6230529595015576,0.12461059190031154,0.7476635514018691,10,49,9,111
23994.0,Álex Menéndez,Alejandro Menéndez Díez,Sporting Gijón,21,1101,895,1.7610549215197098,0.0883168496366124,1.8493717711563225,0.143955443175998,0.0072193610057176,0.1511748041817157,2.0,1.0,0.16348773841961853,0.08174386920980926,0.2452316076294278,77,96,93,112
6801.0,Pablo Hernández,Pedro Pablo Hernández,Celta Vigo,33,2377,3183,4.14275708142668,-0.1592370126454625,3.9835200687812176,0.1568565996333198,-0.0060291674960419,0.1508274321372779,2.0,1.0,0.07572570466975179,0.03786285233487589,0.11358855700462768,139,172,154,113
5539.0,Casemiro,Carlos Henrique Casimiro,Real Madrid,23,1590,2169,2.34199854626786,0.321977433108259,2.663975979376118,0.1325659554491241,0.018225137723109,0.1507910931722331,1.0,0.0,0.056603773584905655,0.0,0.056603773584905655,172,194,225,114
6609.0,Denis Suárez,Denis Suárez Fernández,Villarreal,33,2474,2556,5.003257877782919,-0.8706831632880494,4.1325747144948695,0.1820101895717311,-0.031674003514925,0.150336186056806,4.0,3.0,0.14551333872271624,0.1091350040420372,0.25464834276475345,85,58,87,115
27346.0,Petros,Petros Matheus dos Santos Araújo,Real Betis,30,2420,2495,3.2592121670313645,0.7481258238549344,4.007337990886299,0.1212103698482739,0.0278228612177454,0.1490332310660193,1.0,0.0,0.0371900826446281,0.0,0.0371900826446281,193,194,242,116
6675.0,Antonio Luna,Antonio Manuel Luna Rodríguez,Eibar,15,1040,991,1.9166681314171288,-0.203184507554397,1.7134836238627322,0.1658655113726362,-0.0175832746922074,0.1482822366804287,0.0,0.0,0.0,0.0,0.0,212,194,257,117
8522.0,Bruma,Armindo Tué Na Bangna,Real Sociedad,32,1526,1789,2.7717858356414364,-0.2891869414015673,2.482598894239869,0.1634736076066378,-0.0170555863211933,0.1464180212854444,2.0,1.0,0.11795543905635648,0.05897771952817824,0.17693315858453473,96,132,116,118
20016.0,Pepe,Kléper Laveran Lima Ferreira,Real Madrid,21,1951,2302,3.0383584837804083,0.1329618739982834,3.171320357778692,0.1401600530703417,0.0061335564632729,0.1462936095336147,1.0,1.0,0.04613018964633521,0.04613018964633521,0.09226037929267042,182,155,170,119
6712.0,Gonzalo Escalante,Gonzalo Escalante,Eibar,34,2914,2812,4.83218470835709,-0.1020571190165355,4.7301275893405546,0.1492438653919485,-0.0031520729963926,0.1460917923955559,3.0,0.0,0.09265614275909403,0.0,0.09265614275909403,117,194,168,120
7034.0,Mateo Musacchio,Mateo Pablo Musacchio,Villarreal,13,1046,946,1.5140194186824374,0.1825602515600621,1.6965796702424996,0.1302693572480108,0.0157078610328925,0.1459772182809034,1.0,0.0,0.08604206500956023,0.0,0.08604206500956023,122,194,182,121
6802.0,Jonny Castro,Jonathan Castro Otto,Celta Vigo,36,3083,3652,5.229209288139828,-0.2316700326045975,4.99753925553523,0.1526528822356745,-0.0067629915453823,0.1458898906902921,1.0,3.0,0.029192345118391177,0.08757703535517353,0.11676938047356471,210,88,151,122
6561.0,Luis Hernández,Luis Hernández Rodríguez,Sporting Gijón,36,3350,3103,4.544451086167479,0.8686853686231188,5.413136454790598,0.1220897306731561,0.0233378158734569,0.145427546546613,0.0,0.0,0.0,0.0,0.0,212,194,257,123
10763.0,Asier Riesgo,Asier Riesgo Unamuno,Eibar,34,3179,1724,3.939278270059731,1.150356238213135,5.089634508272866,0.1115240781080137,0.0325674933750179,0.1440915714830317,0.0,0.0,0.0,0.0,0.0,212,194,257,124
5724.0,Fayçal Fajr,Fayçal Fajr,RC Deportivo La Coruña,38,2953,3338,4.803364389402792,-0.0879169830877799,4.715447406315012,0.1463944446482395,-0.0026794881401626,0.1437149565080769,5.0,2.0,0.15238740264138165,0.06095496105655266,0.2133423636979343,81,128,101,125
5582.0,Celso Borges,Celso Borges Mora,RC Deportivo La Coruña,24,1982,1854,3.1769375433796085,-0.0151629470346961,3.1617745963449124,0.1442605342604262,-0.0006885293809902,0.143572004879436,3.0,1.0,0.136226034308779,0.045408678102926335,0.18163471241170534,92,156,115,126
6935.0,Adrián Marín,Adrián Marín Gómez,Villarreal,11,970,1044,1.7669336571998429,-0.2287075720669236,1.5382260851329193,0.163942298090707,-0.0212202901917764,0.1427220078989306,0.0,0.0,0.0,0.0,0.0,212,194,257,127
11542.0,Javi Guerra,Javier Guerra Rodríguez,Rayo Vallecano,30,2164,1555,3.941778770295437,-0.53375540941488,3.408023360880557,0.1639371946980542,-0.0221987000218757,0.1417384946761784,12.0,0.0,0.49907578558225507,0.0,0.49907578558225507,17,194,26,128
6576.0,Gorka Iraizoz,Gorka Iraizoz Moreno,Athletic Club,37,3382,2296,5.204859504010528,0.1034486227435991,5.308308126754127,0.1385089755650347,0.0027529201794571,0.1412618957444918,0.0,0.0,0.0,0.0,0.0,212,194,257,129
5217.0,Iago Aspas,Iago Aspas Juncal,Celta Vigo,35,2744,2238,4.644550036119975,-0.374098098516697,4.270451937603278,0.1523358247998534,-0.0122699813653435,0.1400658434345098,14.0,3.0,0.4591836734693877,0.09839650145772595,0.5575801749271136,22,69,22,130
6659.0,Víctor Camarasa,Víctor Camarasa Ferrando,Levante UD,34,2268,2406,3.1026521603635047,0.4049593049858231,3.507611465349328,0.1231211174747422,0.0160698136899136,0.1391909311646558,2.0,1.0,0.07936507936507936,0.03968253968253968,0.11904761904761904,135,167,148,131
6867.0,Pape Diop,Papa Kouly Diop,Espanyol,30,2583,2533,4.302258269075537,-0.3440617983869742,3.958196470688563,0.1499044693057678,-0.0119882159716715,0.1379162533340962,3.0,0.0,0.10452961672473868,0.0,0.10452961672473868,108,194,159,132
6596.0,José Gayá,José Luis Gayà Peña,Valencia,20,1505,1646,2.3127290350352414,-0.0189675560395699,2.2937614789956715,0.1383027329921407,-0.0011342724541935,0.1371684605379471,0.0,0.0,0.0,0.0,0.0,212,194,257,133
23843.0,Diego Mariño,Diego Mariño Villar,Levante UD,23,2153,1434,2.0722257719608024,1.1993213024397846,3.271547074400587,0.0866234646894901,0.0501341928562845,0.1367576575457746,0.0,0.0,0.0,0.0,0.0,212,194,257,134
5560.0,Carlos Vela,Carlos Alberto Vela Garrido,Real Sociedad,35,2834,2857,4.756047865947243,-0.4945757852110546,4.261472080736188,0.1510389230540761,-0.0157063587399417,0.1353325643141344,5.0,3.0,0.1587861679604799,0.09527170077628794,0.25405786873676783,80,71,89,135
4546.0,Dimitri Foulquier,Dimitri Foulquier,Granada,21,1651,1378,2.510811407060828,-0.0308573641523253,2.4799540429085027,0.1368703977198513,-0.0016821094934641,0.1351882882263871,1.0,1.0,0.054512416717141125,0.054512416717141125,0.10902483343428225,175,140,157,136
3497.0,Vicente Iborra,Vicente Iborra De La Fuente,Sevilla,29,1792,1276,3.100242657412309,-0.4160504608007613,2.684192196611548,0.1557041513209307,-0.0208953914464668,0.1348087598744639,7.0,1.0,0.3515625,0.05022321428571428,0.4017857142857143,35,145,43,137
16539.0,Diego Reyes,Diego Antonio Reyes Rosales,Real Sociedad,27,2391,2178,3.1094156528124586,0.4538538030465133,3.563269455858972,0.117041994459691,0.017083581043156,0.1341255755028471,2.0,0.0,0.07528230865746549,0.0,0.07528230865746549,141,194,192,138
7105.0,Fabián Orellana,Fabián Ariel Orellana Valenzuela,Celta Vigo,33,3015,4076,5.200806288247209,-0.7187434764346108,4.482062811812599,0.1552479489029017,-0.0214550291473018,0.1337929197555999,7.0,5.0,0.208955223880597,0.1492537313432836,0.35820895522388063,68,35,50,139
6389.0,Mikel San José,Mikel San José Domínguez,Athletic Club,34,2796,3006,4.137210412781919,0.0151821323670446,4.152392545148963,0.1331720089951261,0.0004886952478662,0.1336607042429923,2.0,2.0,0.06437768240343347,0.06437768240343347,0.12875536480686695,163,124,142,140
6787.0,Pedro López,Pedro López Muñoz,Levante UD,17,1343,1389,2.328968805959448,-0.337381545221433,1.9915872607380152,0.1560738589250561,-0.0226093366120096,0.1334645223130464,1.0,0.0,0.06701414743112435,0.0,0.06701414743112435,157,194,210,141
6789.0,Mikel Balenziaga,Mikel Balenziaga Oruesagasti,Athletic Club,34,3031,2890,4.474970706913155,0.0059552061429712,4.480925913056126,0.1328760684995658,0.0001768289517873,0.1330528974513531,0.0,3.0,0.0,0.08907951171230617,0.08907951171230617,212,82,178,142
3610.0,Roque Mesa,Roque Mesa Quevedo,Las Palmas,34,2901,4392,4.010404967492679,0.2771062978281406,4.28751126532082,0.1244179410804347,0.0085968861787427,0.1330148272591774,1.0,2.0,0.031023784901758014,0.06204756980351603,0.09307135470527404,203,126,167,143
26023.0,Juanfran,Juan Francisco García García,Levante UD,20,1571,1451,2.7010943977446296,-0.4112947054090909,2.2897996923355386,0.1547412449376299,-0.0235623955995023,0.1311788493381276,0.0,0.0,0.0,0.0,0.0,212,194,257,144
6772.0,Mario Gaspar,Mario Gaspar Pérez Martínez,Villarreal,33,2996,3116,4.786044463020517,-0.4589472130173817,4.327097250003135,0.1437730312656363,-0.0137867987889066,0.1299862324767297,2.0,1.0,0.06008010680907877,0.030040053404539385,0.09012016021361816,169,192,174,145
11634.0,Cristiano Piccini,Cristiano Piccini,Real Betis,16,1473,1739,2.0468527929526754,0.0756566323980223,2.1225094253506978,0.1250622887751125,0.0046226048308363,0.1296848936059489,0.0,0.0,0.0,0.0,0.0,212,194,257,146
3601.0,Charly Musonda,Charly Musonda Junior,Real Betis,16,1277,1136,1.965215716772713,-0.1380605708400253,1.827155145932688,0.1385038484804574,-0.0097301890176995,0.1287736594627579,1.0,1.0,0.07047768206734534,0.07047768206734534,0.14095536413469067,147,115,134,147
27054.0,Roberto Lago,Roberto Lago Soto,Getafe,17,1409,1273,1.9828637456521392,0.0245386380702257,2.007402383722365,0.1266555976640827,0.0015674076836907,0.1282230053477734,0.0,2.0,0.0,0.127750177430802,0.127750177430802,212,44,143,148
6927.0,David García,David García Santana,Las Palmas,19,1665,1823,2.6370737133547664,-0.2936297347769141,2.343443978577852,0.1425445250462036,-0.0158718775555088,0.1266726474906947,2.0,1.0,0.1081081081081081,0.05405405405405405,0.16216216216216214,107,141,124,149
6880.0,Antonio Sanabria,Arnaldo Antonio Sanabria Ayala,Sporting Gijón,29,2312,1555,4.044122407651253,-0.7905440975446254,3.253578310106628,0.1574269103324449,-0.0307737754234499,0.126653134908995,11.0,1.0,0.4282006920415225,0.03892733564013841,0.4671280276816609,27,169,31,150
26633.0,Alberto Lora,Alberto Lora Ramos,Sporting Gijón,31,2524,2520,3.3132977455388755,0.2329132307786494,3.546210976317525,0.1181445313385494,0.0083051468978123,0.1264496782363618,0.0,3.0,0.0,0.10697305863708399,0.10697305863708399,212,59,158,151
6386.0,Eneko Bóveda,Eneko Bóveda Altube,Athletic Club,23,1543,1865,1.8726488866959696,0.2630838292388944,2.135732715934864,0.109227738044483,0.0153451358596892,0.1245728739041722,0.0,0.0,0.0,0.0,0.0,212,194,257,152
6792.0,Pau López,Pau López Sabata,Espanyol,36,3331,1608,2.655953591573052,1.9283738757076208,4.584327467280673,0.0717609796582331,0.0521025664406141,0.1238635460988473,0.0,0.0,0.0,0.0,0.0,212,194,257,153
6614.0,Alexis Ruano,Alexis Ruano Delgado,Getafe,15,1402,1111,2.031397202925291,-0.1212227615760639,1.910174441349227,0.1304035294317234,-0.0077817749941838,0.1226217544375395,1.0,0.0,0.06419400855920114,0.0,0.06419400855920114,165,194,218,154
6580.0,Recio,José Luis García del Pozo,Málaga,33,2847,3150,3.711370287775528,0.136954882676946,3.848325170452474,0.1173246666314708,0.0043294483459519,0.1216541149774227,0.0,3.0,0.0,0.09483667017913593,0.09483667017913593,212,72,165,155
3638.0,Shkodran Mustafi,Shkodran Mustafi,Valencia,30,2793,3056,3.148111960210372,0.5327258244215045,3.680837784631876,0.1014429203075307,0.0171662456849034,0.1186091659924342,2.0,0.0,0.0644468313641246,0.0,0.0644468313641246,162,194,216,156
27092.0,Abdoul Karim Yoda,Abdoul Karim Yoda,Getafe,18,1039,1196,1.6259956436697394,-0.2578825924720149,1.3681130511977244,0.1408465908857329,-0.0223382418888174,0.1185083489969154,0.0,0.0,0.0,0.0,0.0,212,194,257,157
6796.0,Nemanja Radoja,Nemanja Radoja,Celta Vigo,30,1544,1725,1.4412010572236031,0.5898511938285083,2.0310522510521114,0.0840078336464535,0.0343825177749778,0.1183903514214313,0.0,0.0,0.0,0.0,0.0,212,194,257,158
6752.0,Víctor Ruíz,Víctor Ruíz Torre,Villarreal,35,3125,3086,3.658842216071207,0.411110200220719,4.069952416291926,0.1053746558228507,0.0118399737663567,0.1172146295892074,0.0,0.0,0.0,0.0,0.0,212,194,257,159
6402.0,Paco Alcácer,Francisco Alcácer García,Valencia,34,2524,1167,3.6367679863233904,-0.3763236625818535,3.260444323741537,0.1296787316834806,-0.0134188310746302,0.1162599006088503,13.0,4.0,0.46354992076069734,0.14263074484944532,0.6061806656101427,21,38,17,160
27656.0,Carl Medjani,Carl Medjani,Levante UD,14,1314,1016,1.7162518512341194,-0.0197699609270785,1.6964818903070409,0.1175514966598712,-0.0013541069128135,0.1161973897470576,1.0,0.0,0.0684931506849315,0.0,0.0684931506849315,153,194,208,161
6375.0,Juanfran,Juan Francisco Torres Belén,Atlético Madrid,35,3148,3300,4.122540324654663,-0.0703806623350828,4.05215966231958,0.1178616992436212,-0.0020121536245735,0.1158495456190477,1.0,0.0,0.02858958068614994,0.0,0.02858958068614994,211,194,255,162
27335.0,Arthur Boka,Arthur Etienne Boka,Málaga,14,1079,1298,1.80993932496896,-0.4257707013457548,1.3841686236232054,0.1509680623236389,-0.0355137749037237,0.1154542874199151,0.0,0.0,0.0,0.0,0.0,212,194,257,163
15805.0,Hernán Santana,Hernán Daniel Santana Trujillo,Las Palmas,18,972,1147,1.1116862793569453,0.1342492984258569,1.2459355777828025,0.1029339147552727,0.0124304905949867,0.1153644053502594,1.0,0.0,0.0925925925925926,0.0,0.0925925925925926,118,194,169,164
25859.0,Duda,Sérgio Paulo Barbosa Valente,Málaga,26,1147,1550,1.8266492814912725,-0.3790221850504167,1.4476270964408555,0.1433290630638313,-0.0297401888880013,0.1135888741758299,1.0,1.0,0.07846556233653008,0.07846556233653008,0.15693112467306017,136,101,126,165
24132.0,Francisco Varela,Francisco Miguel Varela Martín,Real Betis,14,958,966,1.3954461053553968,-0.2212470579252112,1.1741990474301855,0.1310961894383984,-0.0207852142100929,0.1103109752283055,0.0,0.0,0.0,0.0,0.0,212,194,257,166
20064.0,Miguel Lopes,Hugo Miguel Almeida Costa Lopes,Granada,26,2051,2071,2.675378706975607,-0.1799147317651659,2.4954639752104413,0.1173983830462236,-0.0078948443973012,0.1095035386489223,0.0,1.0,0.0,0.04388103364212579,0.04388103364212579,212,158,237,167
6733.0,Pedro Mosquera,Pedro Mosquera Parada,RC Deportivo La Coruña,37,3412,3987,3.0650461199369747,1.0764207369065844,4.141466856843559,0.0808482270792285,0.0283932785233272,0.1092415056025557,0.0,0.0,0.0,0.0,0.0,212,194,257,168
6736.0,Álvaro Medrán,Álvaro Medrán Just,Getafe,20,1536,1430,1.7031680798067246,0.1556518466386478,1.8588199264453724,0.0997950046761752,0.0091202253889832,0.1089152300651585,2.0,1.0,0.1171875,0.05859375,0.17578125,99,134,117,169
7161.0,Germán Pezzella,Germán Alejandro Pezzella,Real Betis,25,2254,1680,2.831428504316136,-0.1039495479490142,2.727478956367122,0.1130561514589406,-0.0041506030680617,0.1089055483908788,3.0,1.0,0.11978704525288375,0.03992901508429459,0.15971606033717833,95,165,125,170
6805.0,Hugo Mallo,Hugo Mallo Novegil,Celta Vigo,34,3062,3415,3.717638152331346,-0.0207540007831994,3.696884151548147,0.1092708797223452,-0.0006100130863775,0.1086608666359677,1.0,2.0,0.02939255388634879,0.05878510777269758,0.08817766165904638,209,133,179,171
24138.0,Quini,Joaquín José Marín Ruiz,Rayo Vallecano,27,2142,2153,1.829063447305467,0.7511765529343393,2.5802400002398063,0.0768514053489692,0.0315620400392579,0.1084134453882271,0.0,1.0,0.0,0.04201680672268908,0.04201680672268908,212,161,238,172
6865.0,Francisco Molinero,Francisco José Molinero Calderón,Real Betis,21,1239,1234,1.6811717983477283,-0.1963491328060627,1.4848226655416656,0.1221190168291328,-0.014262648872111,0.1078563679570217,0.0,1.0,0.0,0.07263922518159806,0.07263922518159806,212,111,198,173
8801.0,Iván López,Iván López Mendoza,Levante UD,13,995,906,1.2772607614751903,-0.0883706421300303,1.1888901193451602,0.1155311241535348,-0.0079933244137715,0.1075377997397632,0.0,0.0,0.0,0.0,0.0,212,194,257,174
6594.0,Santi Mina,Santiago Mina Lorenzo,Valencia,26,1636,1395,2.3879639752719086,-0.4390075248084031,1.9489564504635053,0.1313672113535891,-0.0241507807046187,0.1072164306489703,4.0,1.0,0.2200488997555012,0.0550122249388753,0.2750611246943765,62,139,80,175
7577.0,Carles Planas,Carles Planas Antolínez,Celta Vigo,26,1759,2197,1.944026097538881,0.1400044695183169,2.084030567057198,0.0994669407495732,0.007163389571716,0.1066303303212892,0.0,0.0,0.0,0.0,0.0,212,194,257,176
6827.0,Daniele Bonera,Daniele Bonera,Villarreal,14,1019,965,1.0699645419372246,0.1200483193679247,1.1900128613051493,0.0945012843712956,0.010602893761642,0.1051041781329376,0.0,0.0,0.0,0.0,0.0,212,194,257,177
6593.0,Martín Montoya,Martín Montoya Torralbo,Real Betis,13,1213,1385,1.5805923366860952,-0.1641324744559824,1.4164598622301128,0.1172739573798422,-0.0121780071731561,0.105095950206686,0.0,1.0,0.0,0.0741962077493817,0.0741962077493817,212,105,194,178
6559.0,Juan Carlos,Juan Carlos Pérez López,Málaga,19,1306,1128,1.538206392704975,-0.0154553167812991,1.5227510759236758,0.1060019719321958,-0.001065067772065,0.1049369041601307,1.0,0.0,0.06891271056661562,0.0,0.06891271056661562,151,194,205,179
27483.0,Benoît Trémoulinas,Benoît Trémoulinas,Sevilla,24,2239,2213,3.429805730469525,-0.8228748446854297,2.606930885784095,0.1378662419572386,-0.0330767021088381,0.1047895398484004,0.0,2.0,0.0,0.080393032603841,0.080393032603841,212,99,189,180
6651.0,Joaquín,Joaquín Sánchez Rodríguez,Real Betis,30,2019,2124,2.5548773352848366,-0.2057918345090001,2.3490855007758364,0.1138875483782245,-0.009173484450624,0.1047140639276004,1.0,4.0,0.04457652303120356,0.17830609212481424,0.22288261515601782,185,22,97,181
6791.0,Javi López,Javier López Rodríguez,Espanyol,31,2525,2486,2.8895634063519537,0.0467706351482775,2.9363340415002317,0.1029943392363072,0.001667072143899,0.1046614113802062,0.0,2.0,0.0,0.0712871287128713,0.0712871287128713,212,114,201,182
23800.0,Laure,Laureano Sanabria Ruiz,RC Deportivo La Coruña,23,1609,1559,1.573021080403123,0.2834430288057774,1.8564641092089005,0.087987506051138,0.0158544888704288,0.1038419949215668,0.0,0.0,0.0,0.0,0.0,212,194,257,183
6797.0,Daniel Wass,Daniel Wass,Celta Vigo,36,2790,3320,3.690236345840618,-0.4800087686598999,3.210227577180718,0.1190398821238909,-0.0154841538277387,0.1035557282961522,2.0,4.0,0.06451612903225806,0.12903225806451613,0.1935483870967742,161,42,107,184
13107.0,Sergio Álvarez,Sergio Álvarez Díaz,Sporting Gijón,27,2265,2331,3.08550286437897,-0.5052951123216189,2.580207752057351,0.1226027628230054,-0.0200779514829782,0.1025248113400272,2.0,1.0,0.07947019867549669,0.039735099337748346,0.11920529801324503,134,166,147,185
27349.0,Heiko Westermann,Heiko Westermann,Real Betis,20,1686,1388,1.3097309728327673,0.6103556404123083,1.920086613245076,0.0699144647419626,0.0325812619437175,0.1024957266856802,1.0,0.0,0.05338078291814947,0.0,0.05338078291814947,176,194,229,186
6690.0,Xabi Prieto,Xabier Prieto Argarate,Real Sociedad,36,2469,2518,2.9093575098232627,-0.1010647657385561,2.8082927440847065,0.1060519140883328,-0.0036840133319036,0.1023679007564291,3.0,3.0,0.10935601458080194,0.10935601458080194,0.21871202916160387,106,57,98,187
6861.0,Juan Cala,Juan Torres Ruiz,Getafe,22,1990,1611,1.574514854408335,0.6771059771708678,2.251620831579203,0.0712092145209799,0.0306228833896372,0.1018320979106172,1.0,0.0,0.04522613065326633,0.0,0.04522613065326633,183,194,235,188
5598.0,Óscar Duarte,Óscar Esau Duarte Gaitán,Espanyol,14,1250,933,1.236824223771691,0.1481626262248028,1.384986849996494,0.0890513441115617,0.0106677090881858,0.0997190531997475,1.0,0.0,0.07200000000000001,0.0,0.07200000000000001,146,194,199,189
6878.0,Miguel Torres,Miguel Torres Gómez,Málaga,23,2042,1572,2.314901937652845,-0.0614326549111865,2.2534692827416585,0.1020279992109481,-0.0027076096679759,0.0993203895429722,0.0,2.0,0.0,0.0881488736532811,0.0881488736532811,212,84,180,190
6884.0,Sergio Álvarez,Sergio Álvarez Conde,Celta Vigo,31,2846,1671,2.1714448713464662,0.9537004802259617,3.125145351572428,0.0686683198950042,0.0301591859523318,0.098827505847336,0.0,0.0,0.0,0.0,0.0,212,194,257,191
4498.0,Jean-Sylvain Babin,Jean-Sylvain Claude Babin,Granada,25,2343,1663,2.359432286088122,0.2051887624256778,2.5646210485138,0.0906312017703503,0.007881770643752,0.0985129724141024,3.0,0.0,0.11523687580025607,0.0,0.11523687580025607,101,194,152,192
6869.0,Alejandro Arribas,Alejandro Arribas Garrido,RC Deportivo La Coruña,31,2840,2348,2.364024104841519,0.7440983839333057,3.108122488774825,0.0749162568435692,0.0235805825894357,0.098496839433005,2.0,0.0,0.06338028169014084,0.0,0.06338028169014084,166,194,219,193
6828.0,Jaume Costa,Jaume Vicent Costa Jordá,Villarreal,18,1605,1583,2.530340751021868,-0.7796113629010506,1.750729388120817,0.1418882664124411,-0.0437165250224888,0.0981717413899523,1.0,0.0,0.056074766355140186,0.0,0.056074766355140186,173,194,227,194
6599.0,Rubén Pérez,Rubén Salvador Pérez Del Mármol,Granada,31,2568,2905,3.0941085398497528,-0.2939120015653316,2.800196538284421,0.1084383834059492,-0.0103006542604672,0.098137729145482,0.0,0.0,0.0,0.0,0.0,212,194,257,195
6784.0,Toño,Antonio García Aranda,Levante UD,27,2478,2701,3.605527278440073,-0.9344888719351728,2.6710384065049,0.1309513539385014,-0.0339402737990982,0.0970110801394031,0.0,1.0,0.0,0.03631961259079903,0.03631961259079903,212,176,243,196
23848.0,Carlos Carmona,Carlos Carmona Bonet,Sporting Gijón,20,1243,1304,1.2828611438546795,0.025513090804452,1.3083742346591316,0.0928861648808698,0.0018472873470641,0.0947334522279339,2.0,3.0,0.14481094127111827,0.21721641190667737,0.36202735317779566,86,12,48,197
6612.0,Rubén Duarte,Rubén Duarte Sánchez,Espanyol,22,1938,1690,2.351093590223929,-0.3165092920244206,2.0345842981995084,0.1091839128586964,-0.0146985739330226,0.0944853389256737,0.0,1.0,0.0,0.04643962848297213,0.04643962848297213,212,153,234,198
27305.0,Germán Lux,Germán Darío Lux,RC Deportivo La Coruña,29,2657,1701,2.69415416137781,0.089619779610075,2.783773940987885,0.0912585150636066,0.0030356718723774,0.094294186935984,0.0,0.0,0.0,0.0,0.0,212,194,257,199
19454.0,Ricardo Costa,Ricardo Miguel Moreira da Costa,Granada,14,1306,892,0.8435777120757848,0.5234793317795265,1.3670570438553111,0.0581332267127263,0.0360743796785278,0.0942076063912542,1.0,0.0,0.06891271056661562,0.0,0.06891271056661562,151,194,205,200
6625.0,Vicente Guaita,Vicente Guaita Panadero,Getafe,38,3555,1945,2.7257002510596067,0.955591112782713,3.68129136384232,0.0690050696470786,0.0241921800704484,0.093197249717527,0.0,0.0,0.0,0.0,0.0,212,194,257,201
6654.0,Antonio Adán,Antonio Adán Garrido,Real Betis,36,3346,1889,3.1146890436066315,0.3027437422424555,3.417432785849087,0.0837782468393893,0.0081431371194922,0.0919213839588816,0.0,0.0,0.0,0.0,0.0,212,194,257,202
6663.0,Antonio Barragán,Antonio Barragán Fernández,Valencia,24,1730,1929,1.950739227293525,-0.1843286320217885,1.7664105952717364,0.1014835436164261,-0.0095893507988213,0.0918941928176047,0.0,0.0,0.0,0.0,0.0,212,194,257,203
27122.0,Simão,Simão Mate,Levante UD,30,2246,2004,2.018399837219855,0.26869097573217,2.287090812952025,0.08087977976393,0.0107667799714582,0.0916465597353883,1.0,0.0,0.04007123775601069,0.0,0.04007123775601069,188,194,240,204
6381.0,Saúl Ñíguez,Saúl Ñíguez Esclapez,Atlético Madrid,31,2426,2503,2.6880207781796344,-0.2383849512552842,2.44963582692435,0.0997204740462354,-0.0088436296838316,0.0908768443624037,4.0,1.0,0.1483924154987634,0.03709810387469085,0.18549051937345423,83,174,112,205
6934.0,Momo,Jerónimo Figueroa Cabrera,Las Palmas,23,1428,1896,1.4749497056887484,-0.039511243085144,1.4354384626036043,0.0929590150644169,-0.0024902043961225,0.0904688106682943,0.0,1.0,0.0,0.06302521008403361,0.06302521008403361,212,125,220,206
6679.0,Aritz Elustondo,Aritz Elustondo Irribaria,Real Sociedad,31,2687,2859,1.9198473910510077,0.7716747948434204,2.691522185894428,0.0643045274263456,0.0258469413978071,0.0901514688241527,1.0,0.0,0.033494603647190174,0.0,0.033494603647190174,197,194,248,207
6379.0,Sergi Roberto,Sergi Roberto Carnicer,Barcelona,31,1984,2686,1.5303923703322653,0.4490019579825457,1.979394328314811,0.0694230409928951,0.0203680323681598,0.0897910733610549,0.0,3.0,0.0,0.13608870967741934,0.13608870967741934,212,41,139,208
10609.0,Jérémy Mathieu,Jérémy Mathieu,Barcelona,21,1319,1623,0.9675468064087908,0.3410998541803565,1.3086466605891474,0.0660191149179614,0.0232744403913814,0.0892935553093429,0.0,2.0,0.0,0.13646702047005307,0.13646702047005307,212,40,138,209
7154.0,Sebastián Cristóforo,Sebastián Carlos Cristóforo Pepe,Sevilla,21,1497,1773,1.612283325598808,-0.1384033464419189,1.473879979156889,0.0969308612584453,-0.008320842471458,0.0886100187869873,0.0,0.0,0.0,0.0,0.0,212,194,257,210
6751.0,Javi Fuego,Javier Fuego Martínez,Valencia,26,2125,2548,2.702514143718872,-0.6122598574438598,2.0902542862750124,0.1144594225575051,-0.025931005727034,0.0885284168304711,0.0,0.0,0.0,0.0,0.0,212,194,257,211
6777.0,Sidnei,Sidnei Rechel da Silva Júnior,RC Deportivo La Coruña,33,3004,2664,1.972399502119515,0.9582252660184168,2.930624768137932,0.059093194138068,0.0287084800072095,0.0878016741452775,0.0,0.0,0.0,0.0,0.0,212,194,257,212
6914.0,Tito,Roberto Román Triguero,Rayo Vallecano,29,2576,2408,3.4001170576924924,-0.8906595123989973,2.509457545293495,0.1187929096243495,-0.0311177624673562,0.0876751471569932,1.0,3.0,0.03493788819875776,0.1048136645962733,0.13975155279503104,195,62,136,213
6038.0,John Guidetti,John Guidetti,Celta Vigo,35,1337,780,1.609645745224066,-0.3208221844688523,1.2888235607552136,0.1083531167316125,-0.0215961081542234,0.0867570085773891,7.0,0.0,0.47120418848167545,0.0,0.47120418848167545,19,194,30,214
6823.0,Sergio Rico,Sergio Rico González,Sevilla,34,3188,1748,2.350855206954293,0.7209091937402263,3.0717644006945197,0.0663666777371036,0.0203518906639336,0.0867185684010372,0.0,0.0,0.0,0.0,0.0,212,194,257,215
6610.0,Pichu,Iván Cuéllar Sacristán,Sporting Gijón,32,2992,1686,2.841614218603354,-0.0125605688081122,2.8290536497952417,0.0854763635275073,-0.0003778245965007,0.0850985389310066,0.0,0.0,0.0,0.0,0.0,212,194,257,216
26020.0,Ángel Lafita,Ángel Lafita Castillo,Getafe,14,1037,790,1.369856684585102,-0.3897747435839847,0.9800819410011172,0.1188882368492374,-0.0338280876784557,0.0850601491707816,3.0,1.0,0.2603664416586307,0.08678881388621022,0.34715525554484095,50,90,55,217
7781.0,Felipe Caicedo,Felipe Salvador Caicedo Corozo,Espanyol,31,2256,1298,2.557763826886404,-0.4283760633552447,2.1293877635311595,0.102038450540681,-0.0170894706125762,0.0849489799281047,8.0,0.0,0.3191489361702128,0.0,0.3191489361702128,40,194,67,218
6727.0,Raúl Albentosa,Raúl Albentosa Redal,Málaga,29,2666,2082,2.60238137235865,-0.1461739592486992,2.4562074131099507,0.0878523344007046,-0.0049346047758375,0.082917729624867,2.0,0.0,0.06751687921980495,0.0,0.06751687921980495,156,194,209,219
6557.0,Adrián González,Adrián González Morales,Eibar,32,2293,2025,2.233718789301813,-0.1436371011077426,2.0900816881940703,0.0876732189433768,-0.0056377405580884,0.0820354783852884,5.0,0.0,0.19624945486262538,0.0,0.19624945486262538,71,194,105,220
6745.0,Mehdi Lacen,Mehdi Lacen,Getafe,31,2761,2929,2.403378602896584,0.1042182102100923,2.5075968131066766,0.0783426563783747,0.0033971890325636,0.0817398454109384,0.0,0.0,0.0,0.0,0.0,212,194,257,221
6913.0,Fernando Navarro,Fernando Navarro i Corbacho,RC Deportivo La Coruña,35,3059,3068,4.133912072487874,-1.3559140776924323,2.7779979947954416,0.1216253960522748,-0.0398928626977178,0.0817325333545569,0.0,0.0,0.0,0.0,0.0,212,194,257,222
27184.0,Marcos Angeleri,Marcos Alberto Angeleri,Málaga,13,1158,788,0.975800572661683,0.0598879432945977,1.0356885159562808,0.0758394227457266,0.0046545033648651,0.0804939261105917,0.0,0.0,0.0,0.0,0.0,212,194,257,223
8440.0,Aythami Artiles,Aythami Artiles Oliva,Las Palmas,31,2745,3165,1.5461924195406027,0.90642015679623,2.4526125763368327,0.0506948334275607,0.0297186936654501,0.0804135270930109,0.0,1.0,0.0,0.03278688524590164,0.03278688524590164,212,185,249,224
11539.0,Adri Embarba,Adrián Embarba Blázquez,Rayo Vallecano,28,1906,1870,1.937070289405994,-0.234149098774651,1.702921190631343,0.091467117548027,-0.0110563582842175,0.0804107592638094,2.0,2.0,0.0944386149003148,0.0944386149003148,0.1888772298006296,115,75,109,225
26103.0,Carlos Kameni,Idriss Carlos Kameni,Málaga,28,2568,1309,1.9458828089991584,0.3385881194262765,2.284470928425435,0.0681968274181948,0.0118664060546592,0.080063233472854,0.0,1.0,0.0,0.035046728971962614,0.035046728971962614,212,180,245,226
5741.0,Enzo Pérez,Enzo Nicolás Pérez,Valencia,20,1287,1483,1.442347488773521,-0.2975092008127831,1.144838287960738,0.100863460753393,-0.0208048392176771,0.0800586215357159,0.0,0.0,0.0,0.0,0.0,212,194,257,227
6647.0,Zouhair Feddal,Zouhair Feddal,Levante UD,28,2623,2277,2.76515700793243,-0.4444773962604813,2.320679611671949,0.0948776708783525,-0.0152508447058495,0.079626826172503,1.0,1.0,0.03431185665268776,0.03431185665268776,0.06862371330537552,196,183,207,228
23943.0,Rubén García,Rubén García Santos,Levante UD,22,1083,1093,1.223942365845898,-0.2814021653612144,0.9425402004846838,0.1017126619816535,-0.0233852214981618,0.0783274404834917,1.0,0.0,0.08310249307479224,0.0,0.08310249307479224,128,194,185,229
6357.0,Jonathan dos Santos,Jonathan dos Santos Ramírez,Villarreal,26,1818,2045,0.9923260707056616,0.5867413436062634,1.579067414311925,0.0491250530052307,0.0290466011686269,0.0781716541738576,0.0,1.0,0.0,0.0495049504950495,0.0495049504950495,212,147,231,230
5577.0,Guillermo Ochoa,Francisco Guillermo Ochoa Magaña,Málaga,11,997,479,0.6896557658910751,0.1740585077786818,0.863714273669757,0.0622557862890639,0.0157124029088077,0.0779681891978717,0.0,0.0,0.0,0.0,0.0,212,194,257,231
18925.0,Nacho Cases,Ignacio Cases Mora,Sporting Gijón,24,2044,1979,1.376903678245144,0.3869057501142379,1.763809428359382,0.0606268742867235,0.0170359674707834,0.077662841757507,1.0,0.0,0.04403131115459882,0.0,0.04403131115459882,186,194,236,232
6713.0,Diego Llorente,Diego Javier Llorente Ríos,Rayo Vallecano,33,2985,3049,3.6089223604358263,-1.040297694853507,2.56862466558232,0.1088117294603766,-0.0313657596438243,0.0774459698165523,2.0,1.0,0.06030150753768845,0.030150753768844223,0.09045226130653267,168,191,173,233
5211.0,Jordi Alba,Jordi Alba Ramos,Barcelona,31,2672,4334,3.1017576407757588,-0.804950140620349,2.29680750015541,0.104475369636908,-0.0271128415628111,0.0773625280740969,0.0,5.0,0.0,0.16841317365269462,0.16841317365269462,212,26,119,234
26780.0,Guilherme Siqueira,Guilherme Magdalena Siqueira,Valencia,15,1231,1378,1.2153185436553322,-0.1593256868072785,1.0559928568480537,0.0888535084719576,-0.0116485067527661,0.0772050017191915,0.0,0.0,0.0,0.0,0.0,212,194,257,235
23416.0,Stefan Šćepović,Stefan Šćepović,Getafe,34,1915,1083,2.065055299375672,-0.4407737971923779,1.624281502183294,0.0970522072813631,-0.0207152176226182,0.0763369896587448,6.0,1.0,0.2819843342036554,0.04699738903394256,0.32898172323759794,44,151,62,236
4691.0,Claudio Bravo,Claudio Andrés Bravo Muñoz,Barcelona,32,2972,1781,1.855584497912787,0.6417660021688789,2.497350500081666,0.0561919935437923,0.0194343674950198,0.0756263610388122,0.0,0.0,0.0,0.0,0.0,212,194,257,237
6738.0,Juanfran,Juan Francisco Moreno Fuertes,RC Deportivo La Coruña,35,2769,3006,2.539919486877276,-0.2156612832040991,2.3242582036731765,0.0825542628454152,-0.0070095758354528,0.0755446870099624,1.0,0.0,0.03250270855904659,0.0,0.03250270855904659,199,194,250,238
27526.0,Rachid Aït-Atmane,Rachid Aït-Atmane,Sporting Gijón,18,1115,1095,0.8845358978137374,0.0489148488268256,0.933450746640563,0.0713975164154586,0.0039482837618065,0.0753458001772651,0.0,1.0,0.0,0.08071748878923767,0.08071748878923767,212,98,188,239
6929.0,Vicente Gómez,José Vicente Gómez Umpiérrez,Las Palmas,21,1520,2102,1.587815957260318,-0.3406383630062919,1.2471775942540262,0.0940154185219925,-0.0201693767569514,0.073846041765041,1.0,1.0,0.05921052631578947,0.05921052631578947,0.11842105263157894,170,131,149,240
26448.0,Javier Garrido,Javier Garrido Behovide,Las Palmas,18,1632,1837,1.5951124688112177,-0.2660436254518572,1.3290688433593605,0.0879657611476774,-0.0146715234624185,0.0732942376852588,0.0,1.0,0.0,0.05514705882352941,0.05514705882352941,212,138,228,241
6932.0,Dani Castellano,Dani Castellano Betancor,Las Palmas,27,2334,2827,1.6577905672537163,0.2342606247402727,1.892051191993989,0.0639250861408888,0.0090331860439693,0.0729582721848581,0.0,0.0,0.0,0.0,0.0,212,194,257,242
6626.0,Mubarak Wakaso,Mubarak Wakaso,Las Palmas,20,978,1180,1.3270191320236773,-0.5469217103091069,0.7800974217145704,0.1221183250328537,-0.0503302187401018,0.0717881062927518,1.0,0.0,0.09202453987730062,0.0,0.09202453987730062,119,194,171,243
15893.0,Víctor Rodríguez,Víctor Rodríguez Romero,Getafe,33,2379,2435,1.8128750276258216,0.0674248341820202,1.880299861807842,0.0685829140337637,0.0025507503473652,0.0711336643811289,2.0,1.0,0.07566204287515763,0.03783102143757881,0.11349306431273644,140,173,155,244
18724.0,Sofiane Feghouli,Sofiane Feghouli,Valencia,21,1325,1283,1.0163646732396447,0.022686068987241,1.0390507422268858,0.0690360910125041,0.0015409405349824,0.0705770315474865,1.0,1.0,0.06792452830188679,0.06792452830188679,0.13584905660377358,154,118,140,245
5678.0,Jefferson Lerma,Jefferson Andrés Lerma Solís,Levante UD,33,2781,2504,2.132629953337368,0.0340317997470265,2.1666617530843943,0.0690171505934423,0.0011013527426222,0.0701185033360645,1.0,0.0,0.032362459546925564,0.0,0.032362459546925564,200,194,251,246
3023.0,Yuri Berchiche,Yuri Berchiche Izeta,Real Sociedad,21,1913,2304,2.642220230100444,-1.1522040294948963,1.490016200605547,0.1243072768996549,-0.0542071942783798,0.070100082621275,0.0,2.0,0.0,0.09409304756926293,0.09409304756926293,212,76,166,247
3379.0,Alphonse Areola,Alphonse Areola,Villarreal,32,3008,1425,2.3134838474798016,0.0252303191227838,2.338714166602585,0.0692199289472015,0.0007548965163066,0.0699748254635082,0.0,0.0,0.0,0.0,0.0,212,194,257,248
6566.0,Borja Bastón,Borja González Tomás,Eibar,36,2661,1492,2.704418896208223,-0.640260499480064,2.064158396728159,0.0914685083272228,-0.021654808325143,0.0698137000020797,18.0,2.0,0.6087936865839909,0.06764374295377677,0.6764374295377676,11,120,11,249
6837.0,Mauro dos Santos,Mauro Javier Dos Santos,Eibar,31,2792,1932,1.7050120084022635,0.4155322777514811,2.120544286153745,0.0549609888095285,0.0133946651137655,0.068355653923294,0.0,1.0,0.0,0.032234957020057305,0.032234957020057305,212,187,252,250
6378.0,Jan Oblak,Jan Oblak,Atlético Madrid,38,3557,1275,2.364824829099234,0.3331742480804678,2.697999077179702,0.0598353203876668,0.0084300484473551,0.0682653688350219,0.0,0.0,0.0,0.0,0.0,212,194,257,251
6898.0,Jaume Doménech,Jaume Doménech Sánchez,Valencia,17,1591,829,1.3935294030816294,-0.1930875056423246,1.2004418974393047,0.0788294445489293,-0.0109226118842295,0.0679068326646998,0.0,0.0,0.0,0.0,0.0,212,194,257,252
27148.0,Abraham González,Abraham González Casanova,Espanyol,20,1154,1059,0.9074553291718476,-0.0372790649416856,0.8701762642301619,0.070772079398151,-0.0029073794148628,0.0678646999832881,1.0,1.0,0.0779896013864818,0.0779896013864818,0.1559792027729636,138,102,128,253
6804.0,Sergi Gómez,Sergi Gómez Solà,Celta Vigo,31,2735,3093,2.019264256348833,0.0393750356743112,2.0586392920231447,0.0664474526769268,0.0012957050130486,0.0677431576899755,0.0,0.0,0.0,0.0,0.0,212,194,257,254
7906.0,David Simón,David Simón Rodríguez Santana,Las Palmas,27,2358,2724,1.8632598973570855,-0.1124114998674485,1.7508483974896372,0.0711167899754613,-0.0042905152621163,0.0668262747133449,1.0,1.0,0.03816793893129771,0.03816793893129771,0.07633587786259542,191,171,191,255
10476.0,Kolo,Timothée Kolodziejczak,Sevilla,29,2482,2453,1.621983717312105,0.1993829281709622,1.8213666454830677,0.0588148809661923,0.0072298402640558,0.0660447212302482,0.0,0.0,0.0,0.0,0.0,212,194,257,256
6665.0,Íñigo Martínez,Íñigo Martínez Berridi,Real Sociedad,30,2807,2905,3.4691110335988924,-1.4127097874879837,2.0564012461109087,0.1112290676964375,-0.0452952906569,0.0659337770395375,1.0,0.0,0.03206270039187745,0.0,0.03206270039187745,201,194,253,257
11298.0,Nacho Martínez,José Ignacio Martínez García,Rayo Vallecano,22,1758,2017,1.8324133527607191,-0.5597214893205091,1.27269186344021,0.0938095573085692,-0.0286546837536096,0.0651548735549595,0.0,0.0,0.0,0.0,0.0,212,194,257,258
24783.0,Javi Márquez,Javier Márquez Moreno,Granada,19,1367,1241,1.484858202948235,-0.4979066736996174,0.9869515292486176,0.097759501291398,-0.0327809807117524,0.0649785205796456,0.0,0.0,0.0,0.0,0.0,212,194,257,259
7158.0,Cristiano Biraghi,Cristiano Biraghi,Granada,32,2936,2517,3.504060034323018,-1.385027199459728,2.1190328348632903,0.1074132844308827,-0.0424565558417491,0.0649567285891335,0.0,1.0,0.0,0.030653950953678472,0.030653950953678472,212,188,254,260
6764.0,Pablo Fornals,Pablo Fornals Malla,Málaga,27,1365,1577,0.8080660757161677,0.1705965225410182,0.978662598257186,0.0532790819153517,0.0112481223653418,0.0645272042806935,1.0,0.0,0.06593406593406594,0.0,0.06593406593406594,159,194,212,261
24255.0,Juan Carlos,Juan Carlos Martín Corral,Rayo Vallecano,21,1883,1304,1.5139282498857938,-0.1825989868957549,1.3313292629900388,0.0723598207592785,-0.0087275139780233,0.0636323067812551,0.0,0.0,0.0,0.0,0.0,212,194,257,262
6391.0,Raúl García,Raúl García Escudero,Athletic Club,31,2466,2255,2.0919290986461565,-0.4074605165515095,1.684468582094647,0.0763477773228524,-0.0148708217719529,0.0614769555508995,7.0,2.0,0.2554744525547445,0.07299270072992702,0.3284671532846715,51,110,63,263
3324.0,Eric Bailly,Eric Bertrand Bailly,Villarreal,25,2091,1769,1.308836995944148,0.118855579115916,1.427692575060064,0.0563344474581412,0.0051157351125932,0.0614501825707344,0.0,0.0,0.0,0.0,0.0,212,194,257,264
6622.0,Tomás Pina,Tomás Pina Isla,Villarreal,27,1709,1562,0.8022683821876999,0.3595346646325197,1.1618030468202196,0.0422493589215289,0.0189339495710513,0.0611833084925803,0.0,0.0,0.0,0.0,0.0,212,194,257,265
26723.0,Álvaro Cejudo,Álvaro Cejudo Carmona,Real Betis,30,1940,1923,1.5945724841530902,-0.2904387768940069,1.304133707259083,0.073975012151432,-0.013473963876526,0.0605010482749059,1.0,2.0,0.04639175257731959,0.09278350515463918,0.13917525773195877,181,78,137,266
5202.0,Nacho,José Ignacio Fernández Iglesias,Real Madrid,16,1210,1155,0.8736942816758528,-0.0666509696457069,0.8070433120301459,0.0649855250833279,-0.0049575101389368,0.060028014944391,0.0,0.0,0.0,0.0,0.0,212,194,257,267
6794.0,Gustavo Cabral,Gustavo Daniel Cabral Cáceres,Celta Vigo,31,2785,3619,2.10229740611976,-0.316354509384837,1.7859428967349231,0.067937797684301,-0.0102233055097433,0.0577144921745576,0.0,0.0,0.0,0.0,0.0,212,194,257,268
5259.0,José Giménez,José María Giménez de Vargas,Atlético Madrid,27,2520,1785,1.938876420230372,-0.3319285252073314,1.6069478950230405,0.069245586436799,-0.0118545901859761,0.0573909962508228,1.0,1.0,0.03571428571428571,0.03571428571428571,0.07142857142857142,194,178,200,269
8697.0,Andrés Fernández,Andrés Eduardo Fernández Moreno,Granada,37,3478,1874,2.699465105019044,-0.5708833220414817,2.1285817829775624,0.0698538986347653,-0.0147727139113666,0.0550811847233986,0.0,0.0,0.0,0.0,0.0,212,194,257,270
6766.0,Gerard Moreno,Gerard Moreno Balaguero,Espanyol,32,2057,1745,1.7691637358206584,-0.5137897637032438,1.2553739721174146,0.0774062888788815,-0.0224798632636324,0.054926425615249,7.0,1.0,0.3062712688381138,0.04375303840544482,0.3500243072435586,41,159,54,271
8167.0,Sergio Araujo,Sergio Ezequiel Araújo,Las Palmas,30,1902,1371,1.5359301544667687,-0.4008344723843038,1.135095682082465,0.0726780830189322,-0.0189669308699197,0.0537111521490125,5.0,1.0,0.23659305993690852,0.0473186119873817,0.28391167192429023,59,150,76,272
6758.0,Víctor Sánchez,Víctor Sánchez Mata,Espanyol,29,2372,2269,1.5696767589347438,-0.1618853526888415,1.4077914062459025,0.0595577185093283,-0.0061423616112966,0.0534153568980317,1.0,2.0,0.03794266441821248,0.07588532883642496,0.11382799325463744,192,104,153,273
6778.0,Iván Ramis,Iván Ramis Barrios,Eibar,23,1859,1449,2.16368028416764,-1.077471483615227,1.0862088005524129,0.1047505247848776,-0.0521637619824477,0.0525867628024298,0.0,1.0,0.0,0.048413125336202255,0.048413125336202255,212,149,232,274
6608.0,Nabil El Zhar,Nabil El Zhar,Las Palmas,30,1770,1564,1.0083659407093657,0.0199952869443222,1.028361227653688,0.0512728444428491,0.0010167095056435,0.0522895539484926,2.0,3.0,0.1016949152542373,0.15254237288135591,0.2542372881355932,109,33,88,275
26753.0,Javi Varas,Javier Varas Herrera,Las Palmas,31,2816,2073,2.143230574263725,-0.5327772925957106,1.6104532816680148,0.0684981362513264,-0.0170276833571072,0.0514704528942192,0.0,0.0,0.0,0.0,0.0,212,194,257,276
26669.0,Weligton,Weligton Róbson Pena de Oliveira,Málaga,30,2710,2309,2.257555326272268,-0.7133008186938241,1.5442545075784435,0.0749741621271232,-0.0236889570783926,0.0512852050487306,0.0,2.0,0.0,0.06642066420664207,0.06642066420664207,212,122,211,277
6775.0,Dani García,Daniel García Carrillo,Eibar,35,3163,3398,2.324412542671876,-0.5461050086887553,1.7783075339831207,0.0661388330194337,-0.0155388715719215,0.0505999614475121,0.0,0.0,0.0,0.0,0.0,212,194,257,278
6788.0,Xabier Etxeita,Xabier Etxeita Gorritxategi,Athletic Club,30,2581,2335,1.2641675558988936,0.1786868154886178,1.4428543713875115,0.0440817822669122,0.0062308459488475,0.0503126282157598,0.0,1.0,0.0,0.03487020534676482,0.03487020534676482,212,181,246,279
6762.0,Álvaro González,Álvaro González Soberón,Espanyol,36,3360,2953,2.363940879818984,-0.5048048413591459,1.8591360384598372,0.0633198449951513,-0.0135215582506914,0.0497982867444599,0.0,1.0,0.0,0.026785714285714288,0.026785714285714288,212,193,256,280
16622.0,Mikel González,Mikel González de Martín Martínez,Real Sociedad,19,1606,1193,1.0894696741597727,-0.2050374302198179,0.8844322439399548,0.0610537177299997,-0.0114902669488067,0.0495634507811929,0.0,0.0,0.0,0.0,0.0,212,194,257,281
24070.0,Saúl Berjón,Saúl Berjón Pérez,Eibar,29,1458,1463,1.296455768744845,-0.4993492588982917,0.7971065098465534,0.0800281338731385,-0.030824028327055,0.0492041055460835,4.0,4.0,0.24691358024691357,0.24691358024691357,0.49382716049382713,56,7,28,282
5671.0,Alfred N'Diaye,Alfred John Momar N''Diaye,Real Betis,34,3125,2591,1.2844537857163232,0.4127416624105535,1.6971954481268767,0.0369922690286301,0.0118869598774239,0.048879228906054,2.0,0.0,0.057600000000000005,0.0,0.057600000000000005,171,194,224,283
6707.0,Charles,Charles Días Barbosa de Oliveira,Málaga,35,3119,1901,2.281375672466334,-0.6547324467392173,1.6266432257271166,0.065830012991975,-0.0188925681970277,0.0469374447949472,12.0,0.0,0.3462648284706637,0.0,0.3462648284706637,37,194,57,284
5588.0,Antonio Rukavina,Antonio Rukavina,Villarreal,18,1414,1193,0.9281270237697754,-0.1993414605676662,0.7287855632021092,0.059074563040509,-0.0126879288904455,0.0463866341500635,0.0,0.0,0.0,0.0,0.0,212,194,257,285
3292.0,Abdoulaye Doucouré,Abdoulaye Doucouré,Granada,15,1217,1202,0.354790132958442,0.25307214280474,0.607862275763182,0.026237561188381,0.0187152776108682,0.0449528387992492,0.0,2.0,0.0,0.14790468364831552,0.14790468364831552,212,36,131,286
6907.0,Pedro León,Pedro León Sánchez Gil,Getafe,31,1890,1822,1.7404112551337836,-0.8030740461836103,0.9373372089501733,0.082876726434942,-0.0382416212468385,0.0446351051881034,2.0,4.0,0.09523809523809525,0.1904761904761905,0.28571428571428575,113,20,75,287
6602.0,Miguel Ángel Guerrero,Miguel Ángel Guerrero Martín,Sporting Gijón,23,1129,686,0.7178703704848886,-0.1589066956948954,0.5589636747899931,0.0572261588517626,-0.0126674956709836,0.0445586631807789,2.0,1.0,0.15943312666076173,0.07971656333038087,0.2391496899911426,79,100,94,288
26012.0,David Navarro,David Navarro Pedrós,Levante UD,20,1744,1326,0.7682216727989726,0.0852336969110183,0.8534553697099909,0.03964446705958,0.0043985279369218,0.0440429949965018,0.0,0.0,0.0,0.0,0.0,212,194,257,289
5597.0,Keylor Navas,Keylor Navas Gamboa,Real Madrid,34,3171,1525,1.9788931242655965,-0.4510717985394876,1.5278213257261086,0.0561653677653433,-0.0128024162310166,0.0433629515343266,0.0,0.0,0.0,0.0,0.0,212,194,257,290
6674.0,Alberto de la Bella,Alberto De La Bella Madureño,Real Sociedad,15,1291,1453,1.421202446217649,-0.8008644843939692,0.6203379618236795,0.0990768552746618,-0.0558309865185571,0.0432458687561046,0.0,1.0,0.0,0.069713400464756,0.069713400464756,212,117,202,291
6694.0,Gero Rulli,Gerónimo Rulli,Real Sociedad,36,3311,2126,3.081958033551928,-1.4981255443999544,1.5838324891519733,0.0837741537359327,-0.0407222286306239,0.0430519251053088,0.0,0.0,0.0,0.0,0.0,212,194,257,292
4406.0,Aymen Abdennour,Aymen Abdennour,Valencia,22,1930,1813,0.9023070260267704,0.0147593253932427,0.9170663514200132,0.0420764934416628,0.0006882586970942,0.0427647521387571,0.0,0.0,0.0,0.0,0.0,212,194,257,293
26607.0,Raúl Baena,José Raúl Baena Urdiales,Rayo Vallecano,24,1902,1749,1.252150301527232,-0.3522124526207335,0.8999378489064984,0.05925001426785,-0.0166662043826845,0.0425838098851655,1.0,0.0,0.0473186119873817,0.0,0.0473186119873817,180,194,233,294
6592.0,Rúben Vezo,Rúben Miguel Nunes Vezo,Valencia,15,1140,1018,0.8149566833453719,-0.2795965284167323,0.5353601549286395,0.0643386855272662,-0.022073410138163,0.0422652753891031,0.0,0.0,0.0,0.0,0.0,212,194,257,295
16456.0,Enzo Roco,Enzo Pablo Roco Roco,Espanyol,33,2590,2019,2.549093445093604,-1.3382963477633891,1.2107970973302145,0.0885785367020943,-0.0465045062929363,0.042074030409158,2.0,0.0,0.0694980694980695,0.0,0.0694980694980695,149,194,203,296
20542.0,Álvaro Negredo,Álvaro Negredo Sánchez,Valencia,25,1225,767,1.1333054894930683,-0.5784264940302819,0.5548789954627864,0.0832632604525519,-0.042496640377735,0.0407666200748169,5.0,1.0,0.3673469387755102,0.07346938775510205,0.44081632653061226,33,107,35,297
8584.0,Jonathas,Jonathas Cristian de Jesus,Real Sociedad,27,1680,1031,1.2784750925493429,-0.545447319833329,0.7330277727160137,0.0684897371008576,-0.0292203921339283,0.0392693449669293,7.0,1.0,0.375,0.053571428571428575,0.4285714285714286,32,142,38,298
27403.0,Santiago Vergini,Santiago Vergini,Getafe,26,2293,1914,0.5984935158630833,0.3969421763904392,0.9954356922535226,0.0234908052453892,0.0155799371457215,0.0390707423911107,0.0,0.0,0.0,0.0,0.0,212,194,257,299
6376.0,Stefan Savić,Stefan Savić,Atlético Madrid,12,977,744,0.0885277613415382,0.327772153657861,0.4162999149993993,0.0081550650161089,0.0301939547893628,0.0383490198054717,0.0,0.0,0.0,0.0,0.0,212,194,257,300
6825.0,Daniel Carriço,Daniel Filipe Martins Carriço,Sevilla,14,1104,998,1.0842736543272622,-0.6139905031595845,0.4702831511676777,0.0883918739940703,-0.05005357362714,0.0383383003669302,1.0,1.0,0.08152173913043478,0.08152173913043478,0.16304347826086957,132,97,123,301
27241.0,Víctor Álvarez,Víctor Guillermo Álvarez Delgado,Espanyol,27,2015,1687,1.2385281294214074,-0.4411007080052513,0.7974274214161561,0.0553188742669611,-0.019701768595768,0.035617105671193,1.0,1.0,0.04466501240694789,0.04466501240694789,0.08933002481389578,184,157,177,302
6856.0,Carlos Vigaray,Carlos Martín Vigaray,Getafe,14,1236,1037,1.9137924305396157,-1.4479718126240186,0.4658206179155968,0.139353817757739,-0.1054348407250499,0.033918977032689,1.0,0.0,0.07281553398058253,0.0,0.07281553398058253,145,194,197,303
6672.0,Coke,Jorge Andújar Moreno,Sevilla,21,1804,1730,1.1400609990749508,-0.4937490233278367,0.6463119757471141,0.056876657381788,-0.0246327118068211,0.0322439455749668,1.0,1.0,0.04988913525498891,0.04988913525498891,0.09977827050997783,179,146,163,304
3160.0,Rene Krhin,Rene Krhin,Granada,24,1509,1086,0.2630329961830284,0.2290200104471296,0.492053006630158,0.0156878526550514,0.0136592451558924,0.0293470978109438,0.0,0.0,0.0,0.0,0.0,212,194,257,305
6872.0,Bruno González,Bruno González Cabrera,Real Betis,32,2929,2290,0.072816131345462,0.8536073756986298,0.9264235070440918,0.0022374366067229,0.0262289736472778,0.0284664102540007,0.0,0.0,0.0,0.0,0.0,212,194,257,306
6730.0,Rubén Martínez,Rubén Iván Martínez Andrade,Levante UD,15,1407,652,0.9715204166132024,-0.5784337147633778,0.3930867018498247,0.0621441631095865,-0.0370000243985103,0.0251441387110762,0.0,0.0,0.0,0.0,0.0,212,194,257,307
8419.0,Duje Čop,Duje Čop,Málaga,31,2095,1528,1.0497365415522155,-0.4790476349298842,0.5706889066223316,0.0450960805440092,-0.0205796120017611,0.0245164685422481,7.0,2.0,0.3007159904534606,0.08591885441527447,0.38663484486873506,43,92,44,308
25144.0,Diego Alves,Diego Alves Carreira,Valencia,13,1219,636,0.888628525310196,-0.5593152701039799,0.3293132552062161,0.0656083406709742,-0.0412948107541904,0.0243135299167838,0.0,0.0,0.0,0.0,0.0,212,194,257,309
8818.0,Jorge Meré,Jorge Meré Pérez,Sporting Gijón,25,2255,1625,0.1424998642760329,0.4457134597760159,0.5882133240520488,0.0056873560021476,0.0177890072637877,0.0234763632659354,0.0,0.0,0.0,0.0,0.0,212,194,257,310
27144.0,Antonio Amaya,Antonio Amaya Carazo,Rayo Vallecano,17,1085,1006,1.2120127800735645,-0.963538308511488,0.2484744715620763,0.1005356223102495,-0.0799248366507225,0.020610785659527,1.0,0.0,0.08294930875576037,0.0,0.08294930875576037,129,194,186,311
5485.0,Raphaël Varane,Raphaël Varane,Real Madrid,26,2265,2483,0.867709462705534,-0.3643530766712501,0.5033563860342838,0.0344785216969086,-0.0144776056955463,0.0200009160013622,0.0,0.0,0.0,0.0,0.0,212,194,257,312
6573.0,Bernardo Espinosa,Bernardo José Espinosa Zúñiga,Sporting Gijón,16,1389,1130,1.1454021239769645,-0.8423642448324244,0.30303787914454,0.0742161203440797,-0.0545808365982132,0.0196352837458665,1.0,0.0,0.06479481641468682,0.0,0.06479481641468682,160,194,215,313
6829.0,Samu Castillejo,Samuel Castillejo Azuaga,Villarreal,28,1770,1734,0.5352227268859278,-0.2122586595942266,0.3229640672917012,0.0272147149264031,-0.0107928131997064,0.0164219017266966,1.0,0.0,0.05084745762711865,0.0,0.05084745762711865,178,194,230,314
25881.0,Juan Rodríguez,Juan Antonio Rodríguez Villamuela,Getafe,32,2592,2257,0.6131417952128686,-0.1725121106137521,0.4406296845991164,0.0212896456671134,-0.0059900038407552,0.0152996418263582,0.0,1.0,0.0,0.034722222222222224,0.034722222222222224,212,182,247,315
6873.0,Francisco Portillo,Francisco Portillo Soler,Real Betis,19,1015,1259,0.1659815450385213,-0.0254137066949624,0.1405678383435588,0.0147175754221348,-0.0022534321207355,0.0124641433013993,0.0,0.0,0.0,0.0,0.0,212,194,257,316
26087.0,Carlos Gurpegi,Carlos Gurpegi Nausia,Athletic Club,15,1196,1038,0.6061277820845135,-0.4434807508951053,0.1626470311894081,0.045611622397664,-0.0333722973081601,0.0122393250895039,0.0,0.0,0.0,0.0,0.0,212,194,257,317
3253.0,Adil Rami,Adil Rami,Sevilla,28,2513,2109,0.2892828302541748,0.0523615386773599,0.3416443689315347,0.0103603082860627,0.0018752640194836,0.0122355723055464,0.0,1.0,0.0,0.035813768404297654,0.035813768404297654,212,177,244,318
6633.0,Markel Bergara,Markel Bergara Larrañaga,Real Sociedad,20,1398,1188,0.7672723757568747,-0.5972621499677189,0.1700102257891558,0.0493952173234039,-0.0384503530022136,0.0109448643211902,1.0,0.0,0.06437768240343347,0.0,0.06437768240343347,163,194,217,319
18398.0,Omar Mascarell,Omar Mascarell González,Sporting Gijón,26,1854,1692,0.9716548931088764,-0.7520415168255568,0.2196133762833196,0.0471677132577124,-0.0365068697488134,0.010660843508899,0.0,0.0,0.0,0.0,0.0,212,194,257,320
25921.0,Cani,Rubén Gracia Calmache,RC Deportivo La Coruña,18,907,945,0.2940184113974683,-0.2055221657501533,0.0884962456473149,0.0291749250559781,-0.0203935996885488,0.0087813253674292,0.0,0.0,0.0,0.0,0.0,212,194,257,321
25134.0,Deyverson,Deyverson Brum Silva Acosta,Levante UD,33,2242,1478,1.2083258403581567,-0.9975468147022184,0.2107790256559383,0.0485054976058136,-0.0400442521512933,0.0084612454545202,9.0,0.0,0.36128456735057984,0.0,0.36128456735057984,34,194,49,322
5718.0,Rodrigo,Rodrigo Moreno Machado,Valencia,25,1434,1234,0.3740300431088544,-0.2400425423984415,0.1339875007104128,0.0234746888980452,-0.0150654315312829,0.0084092573667623,2.0,2.0,0.12552301255230125,0.12552301255230125,0.2510460251046025,93,46,90,323
6702.0,David Lombán,David Rodríguez Lombán,Granada,31,2747,1904,0.374936829903163,-0.1253786109446082,0.2495582189585548,0.0122840606812102,-0.0041077812104167,0.0081762794707935,0.0,0.0,0.0,0.0,0.0,212,194,257,324
16332.0,Ognjen Vranješ,Ognjen Vranješ,Sporting Gijón,11,947,765,0.8848758902167901,-0.8043231282499619,0.0805527619668282,0.0840959135369705,-0.0764404240153078,0.0076554895216626,0.0,0.0,0.0,0.0,0.0,212,194,257,325
5249.0,Diego Godín,Diego Roberto Godín Leal,Atlético Madrid,31,2750,2356,0.1665690192312467,-0.125960097357165,0.0406089218740817,0.0054513497202953,-0.0041223304589617,0.0013290192613335,1.0,1.0,0.03272727272727272,0.03272727272727272,0.06545454545454545,198,186,214,326
3637.0,Grzegorz Krychowiak,Grzegorz Krychowiak,Sevilla,26,2362,2567,0.016577729023993,-0.0250439147930592,-0.0084661857690662,0.0006316662202198,-0.0009542558557897,-0.0003225896355698,0.0,0.0,0.0,0.0,0.0,212,194,257,327
6673.0,Sergio Canales,Sergio Canales Madrazo,Real Sociedad,16,928,1079,0.0575067311646416,-0.0873468304343987,-0.029840099269757,0.0055771614276053,-0.0084711365723016,-0.0028939751446962,0.0,0.0,0.0,0.0,0.0,212,194,257,328
27239.0,Aleksandar Pantić,Aleksandar Pantić,Eibar,20,1744,1071,-0.040105348045472,-0.0234375083819031,-0.0635428564273752,-0.00206965672253,-0.0012095044463138,-0.0032791611688439,0.0,0.0,0.0,0.0,0.0,212,194,257,329
6761.0,Léo Baptistão,Leonardo Carrilho Baptistão,Villarreal,26,1332,1056,0.1733730570413172,-0.2403674357483396,-0.0669943787070224,0.0117143957460349,-0.0162410429559688,-0.0045266472099339,3.0,0.0,0.20270270270270271,0.0,0.20270270270270271,70,194,103,330
6734.0,Luisinho,Luis Carlos Correia Pinto,RC Deportivo La Coruña,20,1156,1078,0.1122786716213449,-0.1902104656037408,-0.0779317939823959,0.0087414190708659,-0.0148087732736476,-0.0060673542027816,0.0,0.0,0.0,0.0,0.0,212,194,257,331
26690.0,Manucho Gonçalves,Alberto Mateus Contreiras Gonçalves,Rayo Vallecano,28,1036,527,0.2791451829252764,-0.3515891414135694,-0.0724439584882929,0.0242500641537402,-0.0305434582309085,-0.0062933940771683,4.0,1.0,0.3474903474903475,0.08687258687258688,0.4343629343629344,36,89,36,332
26009.0,Roberto Soldado,Roberto Soldado Rillo,Villarreal,28,2323,1859,0.5628981774789281,-0.7364506999147125,-0.1735525224357843,0.0218083667555331,-0.0285323129540783,-0.0067239461985452,5.0,2.0,0.19371502367628068,0.07748600947051226,0.27120103314679295,72,103,81,333
18867.0,Matías Nahuel,Matías Nahuel Leiva Esquivel,Villarreal,20,1050,926,0.0565016245492734,-0.2195130634354427,-0.1630114388861693,0.0048429963899377,-0.0188154054373236,-0.0139724090473859,0.0,0.0,0.0,0.0,0.0,212,194,257,334
10037.0,Danilo Barbosa,Danilo Barbosa da Silva,Valencia,19,1414,1239,0.2084411533076781,-0.5432744169374928,-0.3348332636298146,0.0132671172543783,-0.0345789940059224,-0.021311876751544,0.0,0.0,0.0,0.0,0.0,212,194,257,335
6669.0,David Zurutuza,David Zurutuza Veillet,Real Sociedad,16,1152,1372,-0.0561332163633778,-0.2363498453050851,-0.292483061668463,-0.0043854075283888,-0.0184648316644597,-0.0228502391928486,1.0,3.0,0.078125,0.234375,0.3125,137,9,69,336
27482.0,Aderllan Santos,Aderllan Leandro de Jesus Santos,Valencia,17,1583,1389,0.3760665782028809,-0.7832921595545486,-0.4072255813516676,0.0213809172699047,-0.0445333508274853,-0.0231524335575806,0.0,0.0,0.0,0.0,0.0,212,194,257,337
6630.0,Jorge Molina,Jorge Molina Vidal,Real Betis,23,965,630,-0.3236964510870166,-0.2242823559499811,-0.5479788070369978,-0.0301893063189963,-0.0209175254253868,-0.0511068317443832,1.0,1.0,0.09326424870466321,0.09326424870466321,0.18652849740932642,116,77,111,338
24035.0,Álvaro Vázquez,Álvaro Vázquez García,Getafe,34,2054,1055,-0.9219983904895112,-0.5057662750186864,-1.4277646655081977,-0.0403991505083038,-0.0221611318167876,-0.0625602823250914,5.0,2.0,0.21908471275559885,0.08763388510223953,0.3067185978578384,63,87,71,339
3486.0,Fernando Llorente,Fernando Llorente Torres,Sevilla,23,1196,784,-1.3621961207536517,-0.3710517481085844,-1.733247868862236,-0.1025063970466794,-0.0279219542891075,-0.1304283513357869,4.0,2.0,0.3010033444816054,0.1505016722408027,0.45150501672240806,42,34,34,340
6744.0,Luciano Vietto,Luciano Vietto,Atlético Madrid,19,988,910,-1.2962014992372133,-0.159813932608813,-1.4560154318460263,-0.1180750353556165,-0.0145579493267137,-0.1326329846823303,1.0,3.0,0.09109311740890688,0.2732793522267207,0.3643724696356275,120,6,47,341
3302.0,Nordin Amrabat,Nordin Amrabat,Málaga,13,1021,918,-1.3145514258921818,-0.2099410174414515,-1.524492443333633,-0.1158762275517104,-0.0185060642210877,-0.1343822917727982,0.0,1.0,0.0,0.0881488736532811,0.0881488736532811,212,84,180,342
27250.0,Nabil Ghilas,Nabil Ghilas,Levante UD,20,1062,629,-1.497034249943681,-0.4052355990279466,-1.902269848971628,-0.1268673093172611,-0.0343419999176225,-0.1612093092348837,0.0,1.0,0.0,0.0847457627118644,0.0847457627118644,212,93,184,343
